Leaf_Feature,Coefficient
gbdt_leaf_24_58,-0.5645489257132075
gbdt_leaf_26_51,-0.5320847372635872
gbdt_leaf_0_52,-0.5220215710745302
gbdt_leaf_13_52,0.514943423606595
gbdt_leaf_6_14,0.5016908059877989
gbdt_leaf_31_50,-0.4847713267884875
gbdt_leaf_6_35,-0.4796744851406149
gbdt_leaf_23_33,-0.46735790574027203
gbdt_leaf_26_11,-0.4673411848727043
gbdt_leaf_1_41,-0.46579247803285617
gbdt_leaf_19_53,-0.4577991318713137
gbdt_leaf_8_46,-0.45380441354559836
gbdt_leaf_25_21,-0.445379635138847
gbdt_leaf_19_57,-0.43730790239127443
gbdt_leaf_28_57,-0.4245447009328928
gbdt_leaf_28_54,-0.4238967577976205
gbdt_leaf_26_21,-0.4216440214436694
gbdt_leaf_3_12,-0.41930451072282154
gbdt_leaf_12_7,-0.4170234366632817
gbdt_leaf_12_35,-0.416271930753696
gbdt_leaf_21_31,0.4158099657788826
gbdt_leaf_11_58,0.41457889383370894
gbdt_leaf_0_15,0.41348530404261014
gbdt_leaf_8_58,-0.4123321555186361
gbdt_leaf_0_30,-0.4110665550031777
gbdt_leaf_22_25,-0.4109995424441093
gbdt_leaf_1_5,0.39981213929976817
gbdt_leaf_30_34,0.39723156232450346
gbdt_leaf_9_48,-0.3967849992100153
gbdt_leaf_7_55,-0.3943653104691487
gbdt_leaf_22_55,0.39183434092406166
gbdt_leaf_23_48,0.3903040737809599
gbdt_leaf_12_43,-0.38974245321279505
gbdt_leaf_14_43,0.3879640258407796
gbdt_leaf_15_39,-0.3876357489198035
gbdt_leaf_26_58,0.38548813301936735
gbdt_leaf_11_32,-0.38215800083312546
gbdt_leaf_31_40,-0.3795283094048814
gbdt_leaf_19_14,-0.37792116721047
gbdt_leaf_12_58,-0.3770326248015561
gbdt_leaf_15_60,0.375718050913587
gbdt_leaf_0_46,-0.37199769511549047
gbdt_leaf_20_5,-0.37060725174294634
gbdt_leaf_4_12,-0.366877106151253
gbdt_leaf_18_13,-0.3657527326769421
gbdt_leaf_26_38,-0.36526302438108893
gbdt_leaf_0_36,0.3628617255919909
gbdt_leaf_5_24,0.362326431630705
gbdt_leaf_12_28,0.3598083379668483
gbdt_leaf_12_40,-0.35923753877627734
gbdt_leaf_27_18,0.3569290707218238
gbdt_leaf_17_43,-0.3565297186656988
gbdt_leaf_8_50,-0.355234408006744
gbdt_leaf_16_59,-0.3546716103235445
gbdt_leaf_31_33,0.3546666492307452
gbdt_leaf_0_16,0.3519916667025234
gbdt_leaf_21_56,0.3515722484741227
gbdt_leaf_25_37,0.35023657563819516
gbdt_leaf_15_36,-0.3498146493065695
gbdt_leaf_24_53,0.3492125591643628
gbdt_leaf_6_34,-0.34912589675747085
gbdt_leaf_12_60,-0.34886331209312926
gbdt_leaf_14_55,-0.3458753375118015
gbdt_leaf_14_31,-0.342483767206644
gbdt_leaf_14_58,0.340315289975072
gbdt_leaf_3_40,-0.3396486614641435
gbdt_leaf_3_23,-0.3392777454019144
gbdt_leaf_11_61,-0.33829600121119197
gbdt_leaf_28_43,0.33793628798785313
gbdt_leaf_19_33,0.33440384946424045
gbdt_leaf_26_33,0.3336361983389853
gbdt_leaf_30_23,-0.33073554737062144
gbdt_leaf_23_25,-0.33037865736244804
gbdt_leaf_21_36,-0.3293311914550427
gbdt_leaf_1_59,-0.32780542060021123
gbdt_leaf_23_40,0.32722051639200256
gbdt_leaf_13_61,0.32674064603158437
gbdt_leaf_5_30,-0.3264838791599077
gbdt_leaf_12_13,0.3247272818513083
gbdt_leaf_14_16,-0.3238238557796098
gbdt_leaf_16_14,-0.32358641548195577
gbdt_leaf_13_26,-0.32322275744408624
gbdt_leaf_10_41,-0.3230965710263477
gbdt_leaf_8_34,0.3215445236991404
gbdt_leaf_14_46,0.321276306147296
gbdt_leaf_16_9,-0.3208387680234092
gbdt_leaf_16_42,0.3200616958379693
gbdt_leaf_20_20,0.3189461649198666
gbdt_leaf_26_17,0.3185232900129344
gbdt_leaf_1_42,0.3181390339877292
gbdt_leaf_7_47,0.31794922869804904
gbdt_leaf_29_56,-0.3165599406665455
gbdt_leaf_26_52,0.31577229336561596
gbdt_leaf_28_9,-0.31501238468497
gbdt_leaf_29_61,-0.3148239931342957
gbdt_leaf_26_13,-0.31367976260655955
gbdt_leaf_25_5,-0.3133200262252327
gbdt_leaf_19_40,0.3128858201677663
gbdt_leaf_19_22,-0.3096037448488499
gbdt_leaf_21_22,-0.3081629584079155
gbdt_leaf_8_7,-0.30813722103582125
gbdt_leaf_24_18,-0.30767559169146164
gbdt_leaf_27_24,-0.3073048962472983
gbdt_leaf_20_41,-0.3072895304725124
gbdt_leaf_21_32,-0.30694439038663146
gbdt_leaf_23_41,-0.306181345775046
gbdt_leaf_14_25,0.305279232000463
gbdt_leaf_15_55,0.30323192703392216
gbdt_leaf_0_33,0.3019281736305907
gbdt_leaf_6_29,0.30184214835178497
gbdt_leaf_13_8,-0.30117641344340085
gbdt_leaf_2_50,0.3009614028489415
gbdt_leaf_25_15,0.30079463428579595
gbdt_leaf_10_14,-0.2997468022512502
gbdt_leaf_2_49,-0.2993085913330997
gbdt_leaf_22_38,-0.29930670147951854
gbdt_leaf_13_49,0.2991213060118255
gbdt_leaf_14_36,0.2990098667021004
gbdt_leaf_30_55,-0.2978388577624598
gbdt_leaf_8_41,-0.29704830429311524
gbdt_leaf_4_30,-0.29571308766703075
gbdt_leaf_5_57,0.29569639904390776
gbdt_leaf_24_59,0.29516426017107317
gbdt_leaf_6_32,-0.2949752916838356
gbdt_leaf_28_16,0.2949514158365108
gbdt_leaf_22_6,-0.2946040904974653
gbdt_leaf_24_45,-0.29338072236767754
gbdt_leaf_6_19,-0.2931382886380736
gbdt_leaf_14_38,0.29235574672597814
gbdt_leaf_24_51,-0.29103047976187607
gbdt_leaf_31_23,-0.29092390873046375
gbdt_leaf_6_40,0.2906925243113556
gbdt_leaf_3_60,0.2903734124266569
gbdt_leaf_7_40,-0.2897493519895769
gbdt_leaf_26_9,0.2896823355753483
gbdt_leaf_27_7,-0.28781530418825085
gbdt_leaf_25_50,-0.28724765929214763
gbdt_leaf_27_21,0.2865743837493647
gbdt_leaf_20_55,-0.2858067405597859
gbdt_leaf_28_47,0.28571383705062897
gbdt_leaf_13_45,-0.2850855014555458
gbdt_leaf_12_55,-0.2850452561568004
gbdt_leaf_6_46,0.28434541124515395
gbdt_leaf_14_39,-0.2843310037727815
gbdt_leaf_21_17,-0.28390584194214685
gbdt_leaf_6_43,0.2839022645769851
gbdt_leaf_10_30,-0.2828547865782925
gbdt_leaf_24_14,-0.28184212594093294
gbdt_leaf_19_47,0.2815175274730569
gbdt_leaf_1_19,-0.2812833051384261
gbdt_leaf_13_4,-0.28128078300257686
gbdt_leaf_13_63,-0.2803312245466086
gbdt_leaf_27_56,0.28022336027277545
gbdt_leaf_14_7,-0.2794620589055416
gbdt_leaf_2_1,-0.27910911072396294
gbdt_leaf_9_1,-0.27910911072396294
gbdt_leaf_6_0,-0.27910911072396294
gbdt_leaf_10_1,-0.27910911072396294
gbdt_leaf_23_1,-0.27910911072396294
gbdt_leaf_22_1,-0.27910911072396294
gbdt_leaf_24_0,-0.27910911072396294
gbdt_leaf_21_1,-0.27910911072396294
gbdt_leaf_26_1,-0.27910911072396294
gbdt_leaf_8_0,-0.27910911072396294
gbdt_leaf_29_1,-0.27910911072396294
gbdt_leaf_7_1,-0.27910911072396294
gbdt_leaf_31_1,-0.27910911072396294
gbdt_leaf_4_1,-0.27910911072396294
gbdt_leaf_15_1,-0.27910911072396294
gbdt_leaf_13_0,-0.27910911072396294
gbdt_leaf_17_1,-0.27910911072396294
gbdt_leaf_18_1,-0.27910911072396294
gbdt_leaf_1_1,-0.27910911072396294
gbdt_leaf_0_0,-0.27910911072396294
gbdt_leaf_25_0,-0.27910911072396294
gbdt_leaf_28_0,-0.27910911072396294
gbdt_leaf_5_1,-0.27910911072396294
gbdt_leaf_19_1,-0.27910911072396294
gbdt_leaf_27_1,-0.27910911072396294
gbdt_leaf_12_1,-0.27910911072396294
gbdt_leaf_16_0,-0.27910911072396294
gbdt_leaf_20_1,-0.27910911072396294
gbdt_leaf_11_1,-0.27910911072396294
gbdt_leaf_14_1,-0.27910911072396294
gbdt_leaf_3_1,-0.27910911072396294
gbdt_leaf_30_1,-0.2786421083097718
gbdt_leaf_10_43,-0.27792130380047414
gbdt_leaf_15_12,-0.2773123016608232
gbdt_leaf_7_57,0.27689531745436646
gbdt_leaf_26_45,-0.27628540713115735
gbdt_leaf_30_32,-0.2759400262843772
gbdt_leaf_11_54,-0.27499313863428165
gbdt_leaf_11_13,-0.2748028438108718
gbdt_leaf_11_3,0.2741339488077857
gbdt_leaf_29_10,-0.27370589939259576
gbdt_leaf_2_38,0.2716310273556202
gbdt_leaf_31_44,-0.27146233320388063
gbdt_leaf_23_6,-0.2712237220567074
gbdt_leaf_4_22,0.271096182330091
gbdt_leaf_26_14,0.2707530672279034
gbdt_leaf_30_40,0.27065267535270493
gbdt_leaf_5_5,-0.27057515853481656
gbdt_leaf_0_49,0.27019547071998007
gbdt_leaf_14_19,-0.2696609241940097
gbdt_leaf_28_52,0.2691676552176278
gbdt_leaf_12_56,0.2689792605192347
gbdt_leaf_22_28,0.2682708602259131
gbdt_leaf_0_62,0.2680622668094518
gbdt_leaf_2_20,0.2669030155639675
gbdt_leaf_8_28,-0.2666515511687199
gbdt_leaf_4_55,0.2665050406090298
gbdt_leaf_0_43,-0.2656206028603184
gbdt_leaf_26_37,0.2639418912505372
gbdt_leaf_16_35,-0.26378271130863173
gbdt_leaf_15_43,0.26369726658518533
gbdt_leaf_11_52,-0.26363999403041494
gbdt_leaf_5_17,-0.2632870035578226
gbdt_leaf_28_58,0.26307086873569613
gbdt_leaf_30_62,-0.2627387320399506
gbdt_leaf_14_44,0.26187125435241904
gbdt_leaf_28_44,-0.26173451109153956
gbdt_leaf_12_8,0.2610341068018194
gbdt_leaf_17_5,-0.2591002048908679
gbdt_leaf_30_19,-0.2589032503069084
gbdt_leaf_24_47,-0.25874807829695123
gbdt_leaf_26_15,0.2587203482230512
gbdt_leaf_10_51,-0.25852050233308904
gbdt_leaf_17_18,-0.2583464515265603
gbdt_leaf_7_59,0.2574464867443797
gbdt_leaf_9_49,0.2574191588935105
gbdt_leaf_11_29,0.25720827398346247
gbdt_leaf_5_59,-0.2571395909295065
gbdt_leaf_10_42,0.25689679278960176
gbdt_leaf_14_33,-0.25688820774963955
gbdt_leaf_19_0,-0.2565355657381698
gbdt_leaf_30_53,0.25629922845288605
gbdt_leaf_20_34,-0.25592360308816914
gbdt_leaf_20_11,-0.25553753566992615
gbdt_leaf_5_18,0.2552149512398744
gbdt_leaf_12_25,-0.255007100124016
gbdt_leaf_27_37,0.2549806646632719
gbdt_leaf_17_52,-0.25439086428076835
gbdt_leaf_29_17,-0.25414803797915914
gbdt_leaf_21_47,0.25364466903027705
gbdt_leaf_27_36,-0.25315451221979085
gbdt_leaf_31_31,0.2513069538999573
gbdt_leaf_15_37,0.2511898286275635
gbdt_leaf_17_45,0.2503861898382045
gbdt_leaf_27_40,-0.25034310786887687
gbdt_leaf_14_41,-0.2503019926152923
gbdt_leaf_23_52,0.2496056275682123
gbdt_leaf_23_58,-0.24926278807338836
gbdt_leaf_20_13,0.24896064676463406
gbdt_leaf_3_28,-0.24884350871464408
gbdt_leaf_13_58,-0.24843684018704212
gbdt_leaf_7_28,0.24776906278988292
gbdt_leaf_20_26,-0.2476382006876806
gbdt_leaf_1_16,-0.24744734608600358
gbdt_leaf_7_17,-0.24732649532574622
gbdt_leaf_27_16,-0.24545940016482645
gbdt_leaf_23_29,0.24485338068009302
gbdt_leaf_7_46,-0.24435296511820487
gbdt_leaf_25_19,0.24357788074915696
gbdt_leaf_8_54,0.24244959343417635
gbdt_leaf_5_36,-0.2424028855470449
gbdt_leaf_6_37,0.24229863890691175
gbdt_leaf_26_48,0.241861235653984
gbdt_leaf_14_60,0.24183330155279778
gbdt_leaf_29_31,-0.24064113705481976
gbdt_leaf_23_9,-0.2397379214786593
gbdt_leaf_3_18,0.23953467025492653
gbdt_leaf_25_31,0.2394553485780348
gbdt_leaf_31_41,0.2390676087158962
gbdt_leaf_8_44,0.2386500114023069
gbdt_leaf_0_38,-0.2383524250972098
gbdt_leaf_16_40,-0.2382487548761444
gbdt_leaf_15_8,-0.23797106756578268
gbdt_leaf_17_62,0.2374813857351639
gbdt_leaf_23_4,-0.23723508293348852
gbdt_leaf_9_5,0.23641266816130765
gbdt_leaf_12_14,-0.23631320949008733
gbdt_leaf_9_8,-0.23621545488797902
gbdt_leaf_18_8,-0.23621545488797902
gbdt_leaf_3_15,-0.23573855435995864
gbdt_leaf_27_47,-0.23556021466610572
gbdt_leaf_19_44,0.23536253604522267
gbdt_leaf_8_15,-0.23477782226982147
gbdt_leaf_12_44,-0.23432024468474852
gbdt_leaf_0_7,0.2341422572097338
gbdt_leaf_3_29,0.2340279970332124
gbdt_leaf_9_31,-0.2337994289304345
gbdt_leaf_25_13,0.2335792966176435
gbdt_leaf_19_7,-0.2332908058692271
gbdt_leaf_12_0,-0.23290171119939704
gbdt_leaf_25_17,-0.2328145391822167
gbdt_leaf_20_14,-0.23270949012885894
gbdt_leaf_20_48,0.2322135201824277
gbdt_leaf_3_38,0.23162002524269942
gbdt_leaf_2_28,0.23148657620033636
gbdt_leaf_11_20,-0.2314724485837448
gbdt_leaf_16_49,0.231471906240947
gbdt_leaf_5_39,0.23141939465688924
gbdt_leaf_12_12,0.23124018361525725
gbdt_leaf_31_14,0.2312072930922075
gbdt_leaf_23_36,0.23058858238841376
gbdt_leaf_18_50,-0.2301943802021214
gbdt_leaf_22_52,-0.23018504311893176
gbdt_leaf_29_36,0.22976260404449056
gbdt_leaf_0_19,-0.22957160152519762
gbdt_leaf_31_58,0.22892887862195213
gbdt_leaf_1_52,0.2288614502066117
gbdt_leaf_7_45,0.22873005604704547
gbdt_leaf_1_45,0.22872404213456318
gbdt_leaf_22_32,0.22856422725036868
gbdt_leaf_20_44,0.22758791775413775
gbdt_leaf_7_20,0.2273671354676771
gbdt_leaf_24_49,0.22733404855445116
gbdt_leaf_7_32,0.2270600308097094
gbdt_leaf_18_35,0.22628527362064532
gbdt_leaf_30_54,-0.2261745779055045
gbdt_leaf_15_19,-0.22611934609431722
gbdt_leaf_23_44,0.22595890161051205
gbdt_leaf_6_9,-0.22593043992769227
gbdt_leaf_14_23,0.22560139045265695
gbdt_leaf_25_54,0.22545029894710608
gbdt_leaf_25_29,-0.22540574313108055
gbdt_leaf_17_35,0.22520373952909523
gbdt_leaf_20_16,-0.22494043163638736
gbdt_leaf_27_46,-0.22482913110195726
gbdt_leaf_7_50,0.22465885864511298
gbdt_leaf_8_57,-0.2237143843781405
gbdt_leaf_31_46,0.22371035868629932
gbdt_leaf_30_35,0.22295659928220937
gbdt_leaf_4_45,0.22294723626576038
gbdt_leaf_12_16,0.22278539098998046
gbdt_leaf_27_59,0.2227315873223613
gbdt_leaf_23_15,-0.22238168412460527
gbdt_leaf_21_11,-0.22199239484554234
gbdt_leaf_31_42,0.221939549125292
gbdt_leaf_11_39,0.22141587534340193
gbdt_leaf_15_23,0.22133125745117052
gbdt_leaf_14_13,0.22078519204751376
gbdt_leaf_21_52,0.22066149965378448
gbdt_leaf_28_40,-0.22002810824654773
gbdt_leaf_27_43,-0.219861692555186
gbdt_leaf_18_23,0.2197518797955676
gbdt_leaf_15_15,0.21945993655603163
gbdt_leaf_19_63,0.21941500540279
gbdt_leaf_19_24,0.21940041415504424
gbdt_leaf_16_45,0.21906533061302136
gbdt_leaf_29_43,0.21893562095440597
gbdt_leaf_6_20,-0.21883937050098962
gbdt_leaf_6_56,0.2187757525362262
gbdt_leaf_16_37,0.21873985252732225
gbdt_leaf_28_63,0.21850163958364677
gbdt_leaf_31_53,-0.21830570876173758
gbdt_leaf_20_3,-0.21808660055431325
gbdt_leaf_31_51,0.21749627904310787
gbdt_leaf_11_8,0.2171238156617444
gbdt_leaf_24_17,0.21707873675220596
gbdt_leaf_8_29,0.21686432493377478
gbdt_leaf_5_0,0.21679256982676218
gbdt_leaf_4_13,0.2165928676744852
gbdt_leaf_18_52,-0.21657723029901477
gbdt_leaf_4_63,0.2163348752898459
gbdt_leaf_9_58,-0.21615835899929814
gbdt_leaf_20_28,0.2160241654027856
gbdt_leaf_15_14,-0.21571072523566803
gbdt_leaf_26_32,-0.21567834979741105
gbdt_leaf_14_18,0.2155937599542821
gbdt_leaf_21_58,-0.21540149303338021
gbdt_leaf_24_27,0.21530796205868855
gbdt_leaf_28_32,0.2152674269760639
gbdt_leaf_16_47,0.2152674269760639
gbdt_leaf_9_18,-0.21526101691324506
gbdt_leaf_29_19,0.2146273763547539
gbdt_leaf_21_19,0.2144812369785795
gbdt_leaf_26_61,0.214377198447705
gbdt_leaf_5_15,-0.21433424586310626
gbdt_leaf_18_37,-0.21422014739653913
gbdt_leaf_12_4,-0.21417301351525936
gbdt_leaf_11_4,-0.21417301351525936
gbdt_leaf_10_3,-0.21417301351525936
gbdt_leaf_21_38,0.2135814879390047
gbdt_leaf_25_42,-0.21317860232388636
gbdt_leaf_25_11,-0.21280569558605608
gbdt_leaf_18_60,-0.2122514111816983
gbdt_leaf_11_36,-0.2122054266309175
gbdt_leaf_14_0,-0.21206849551195928
gbdt_leaf_3_58,0.21174017417113497
gbdt_leaf_13_30,-0.2113781019775187
gbdt_leaf_7_54,0.21075271843733992
gbdt_leaf_30_26,0.2105589475233121
gbdt_leaf_10_56,-0.209847972603335
gbdt_leaf_17_59,-0.20973323580873732
gbdt_leaf_9_20,0.20956154202901925
gbdt_leaf_0_10,0.20933914303138118
gbdt_leaf_30_25,-0.20929474883632063
gbdt_leaf_4_37,0.2088160422026164
gbdt_leaf_0_3,-0.20880523982528035
gbdt_leaf_15_21,0.20865651787135106
gbdt_leaf_11_16,-0.20850912894189366
gbdt_leaf_25_58,0.2081800842488342
gbdt_leaf_6_10,0.20796866005648088
gbdt_leaf_18_54,0.2078490566671977
gbdt_leaf_11_44,-0.20702059376423526
gbdt_leaf_6_16,0.20687963487307676
gbdt_leaf_19_45,-0.2067404639126879
gbdt_leaf_6_24,-0.20670561577933547
gbdt_leaf_7_63,-0.20644409307148884
gbdt_leaf_30_45,-0.20622708208869597
gbdt_leaf_8_56,0.2060387997269713
gbdt_leaf_15_56,-0.20584758265178033
gbdt_leaf_1_46,0.20576081297397036
gbdt_leaf_30_43,0.205323732179867
gbdt_leaf_26_56,0.20518087272944455
gbdt_leaf_26_57,-0.20464904210018875
gbdt_leaf_14_37,-0.20434814722525785
gbdt_leaf_30_14,0.2043425907080815
gbdt_leaf_10_35,0.20405169072722207
gbdt_leaf_30_4,-0.20401479339260575
gbdt_leaf_1_27,-0.2039302797357448
gbdt_leaf_24_34,-0.20363919799227587
gbdt_leaf_27_48,0.20329751797719373
gbdt_leaf_12_30,0.20299884109239882
gbdt_leaf_8_10,0.202752863836273
gbdt_leaf_29_6,-0.20230594411028022
gbdt_leaf_19_10,0.20203528955753242
gbdt_leaf_23_46,0.20192900153268828
gbdt_leaf_30_48,0.20183854326242825
gbdt_leaf_1_56,-0.20168733860772042
gbdt_leaf_19_58,0.20154950047074413
gbdt_leaf_29_15,0.20108531457509082
gbdt_leaf_8_52,0.20063466340212124
gbdt_leaf_19_11,-0.20041376286755688
gbdt_leaf_10_54,-0.20037889660313482
gbdt_leaf_8_20,0.20031158183164977
gbdt_leaf_26_16,-0.20019865758004615
gbdt_leaf_28_39,-0.200144590913453
gbdt_leaf_17_31,0.19982836871812248
gbdt_leaf_24_63,0.19956053626040365
gbdt_leaf_25_30,-0.19914871910559703
gbdt_leaf_23_22,0.19888813762181212
gbdt_leaf_18_22,-0.19873565137158017
gbdt_leaf_8_59,0.19868959817743012
gbdt_leaf_11_34,-0.19854162590166613
gbdt_leaf_15_4,-0.19842969159620322
gbdt_leaf_6_48,-0.1983033255572696
gbdt_leaf_17_2,-0.19827529233592628
gbdt_leaf_22_43,0.19803142773425628
gbdt_leaf_27_57,0.19802792751077003
gbdt_leaf_3_8,-0.19797878192443957
gbdt_leaf_27_49,0.19779973006575768
gbdt_leaf_8_51,0.19779061446351934
gbdt_leaf_0_31,-0.19773880652699122
gbdt_leaf_27_38,-0.1973093720206344
gbdt_leaf_9_43,0.1971687872958013
gbdt_leaf_11_33,0.19563930645644315
gbdt_leaf_16_5,-0.1954807247835158
gbdt_leaf_22_41,0.19532632008168133
gbdt_leaf_15_47,0.1952287376119322
gbdt_leaf_29_59,0.1948522075761054
gbdt_leaf_3_46,0.19473607116044955
gbdt_leaf_5_32,0.19462970673942323
gbdt_leaf_24_36,-0.19356753887222594
gbdt_leaf_13_51,-0.19346513184401953
gbdt_leaf_11_62,0.1932899674545707
gbdt_leaf_20_57,0.19321295330476077
gbdt_leaf_7_22,0.192282301954226
gbdt_leaf_8_5,-0.19223007554972796
gbdt_leaf_30_58,0.19217631748807776
gbdt_leaf_12_61,0.19173986464106854
gbdt_leaf_6_15,0.1915502355427025
gbdt_leaf_19_29,-0.1914669746528601
gbdt_leaf_18_9,-0.1914277832740722
gbdt_leaf_30_46,0.19070604646316308
gbdt_leaf_28_34,-0.1906544486579234
gbdt_leaf_4_2,-0.1906234308126913
gbdt_leaf_23_16,0.19061345648621134
gbdt_leaf_21_50,-0.19024632985699827
gbdt_leaf_6_53,-0.19010949373159733
gbdt_leaf_29_14,-0.19008840841036279
gbdt_leaf_14_11,0.19005488226951794
gbdt_leaf_2_18,-0.18987421507913996
gbdt_leaf_4_46,0.18962234019715557
gbdt_leaf_4_18,0.18958474451928783
gbdt_leaf_30_56,0.189416428790862
gbdt_leaf_4_34,-0.18907773354294435
gbdt_leaf_30_15,-0.18905781696057763
gbdt_leaf_3_16,-0.18903887053273907
gbdt_leaf_4_14,0.18900522666391287
gbdt_leaf_28_38,-0.188863306561642
gbdt_leaf_0_41,-0.1886722691172816
gbdt_leaf_29_20,-0.18846995949661285
gbdt_leaf_26_40,0.18835671141693472
gbdt_leaf_15_51,-0.18809251617891973
gbdt_leaf_3_19,0.1880380536966478
gbdt_leaf_22_42,-0.18801073071745417
gbdt_leaf_10_39,-0.18755714067641485
gbdt_leaf_22_44,0.18718711175625688
gbdt_leaf_25_55,0.18710197066128684
gbdt_leaf_9_14,-0.18657069658985964
gbdt_leaf_0_24,0.18632911458220908
gbdt_leaf_7_38,0.18625306979141473
gbdt_leaf_6_60,0.18620037870143735
gbdt_leaf_7_43,0.18602223122432898
gbdt_leaf_4_10,-0.18597632984478715
gbdt_leaf_22_29,-0.18590645188054336
gbdt_leaf_1_29,0.18564734851250472
gbdt_leaf_26_26,-0.18558773547438973
gbdt_leaf_17_12,-0.185305413839465
gbdt_leaf_18_49,0.18490806537321225
gbdt_leaf_3_50,-0.18486761625452905
gbdt_leaf_23_34,0.18458540661688144
gbdt_leaf_0_55,-0.1845676448982098
gbdt_leaf_10_17,0.18450569781519094
gbdt_leaf_29_34,0.18435360963274
gbdt_leaf_10_26,0.18421096129979503
gbdt_leaf_27_53,-0.1840944173478343
gbdt_leaf_30_41,-0.18363241335334024
gbdt_leaf_28_61,0.18346431998167062
gbdt_leaf_12_39,0.18331134770112703
gbdt_leaf_6_12,-0.1831477952893646
gbdt_leaf_4_32,-0.1831477952893646
gbdt_leaf_3_9,0.1828688617435571
gbdt_leaf_14_9,-0.1828264159473113
gbdt_leaf_23_31,0.18279356141469072
gbdt_leaf_15_57,-0.18274507961540842
gbdt_leaf_23_63,-0.1818764208221803
gbdt_leaf_31_28,-0.18187616810088877
gbdt_leaf_29_30,0.1815758273160611
gbdt_leaf_21_4,-0.18147306061426383
gbdt_leaf_27_51,0.18139758228703504
gbdt_leaf_0_58,0.18133203346403498
gbdt_leaf_20_52,0.18117243573737543
gbdt_leaf_2_11,0.18116058873039725
gbdt_leaf_29_57,-0.18073475315955712
gbdt_leaf_23_49,0.18042919241078303
gbdt_leaf_25_26,0.18033189852556483
gbdt_leaf_24_31,0.17989618453673376
gbdt_leaf_29_33,-0.17986650768224882
gbdt_leaf_25_12,0.17957774940948745
gbdt_leaf_3_56,-0.17942485720321394
gbdt_leaf_7_61,-0.17904163258318484
gbdt_leaf_10_11,-0.17884118539934188
gbdt_leaf_18_11,-0.1787056784985241
gbdt_leaf_22_53,0.17809918316661452
gbdt_leaf_1_25,0.17776706742403317
gbdt_leaf_24_60,-0.17726773722568567
gbdt_leaf_25_63,-0.17705602218838817
gbdt_leaf_31_63,-0.17702794789377352
gbdt_leaf_6_8,-0.17684126138900302
gbdt_leaf_5_28,-0.17670289939167674
gbdt_leaf_30_29,0.1763920878381705
gbdt_leaf_23_57,0.17621142654116992
gbdt_leaf_20_29,0.1758858883039992
gbdt_leaf_1_37,-0.17567077696103062
gbdt_leaf_13_13,0.17548153589100146
gbdt_leaf_5_53,0.17537846395033246
gbdt_leaf_4_42,-0.17524184344200236
gbdt_leaf_4_4,-0.1750125190318473
gbdt_leaf_31_38,-0.17492332157704174
gbdt_leaf_28_23,-0.17489171232837086
gbdt_leaf_25_4,-0.17481666503055715
gbdt_leaf_17_63,0.1746232771524678
gbdt_leaf_16_16,-0.1745954301458454
gbdt_leaf_24_5,-0.1740814847873861
gbdt_leaf_2_15,0.1738232006963156
gbdt_leaf_7_33,-0.17380270717315802
gbdt_leaf_17_33,0.1734800496167112
gbdt_leaf_5_34,0.17336401889900904
gbdt_leaf_19_3,-0.17302631592535464
gbdt_leaf_16_38,-0.17275830563968522
gbdt_leaf_8_16,0.17255791992894795
gbdt_leaf_26_8,-0.17233363444043534
gbdt_leaf_11_31,0.17229092542083482
gbdt_leaf_2_40,-0.17222617234221352
gbdt_leaf_31_59,0.17167497123944908
gbdt_leaf_5_13,0.17078057515200748
gbdt_leaf_16_26,0.170637223964639
gbdt_leaf_2_36,-0.1706362459028615
gbdt_leaf_21_25,0.17061468122636722
gbdt_leaf_28_19,0.17031990263951077
gbdt_leaf_19_6,-0.1702410212951332
gbdt_leaf_6_58,0.17022820883389794
gbdt_leaf_20_63,-0.1699110035655493
gbdt_leaf_1_30,0.16987784589229207
gbdt_leaf_22_4,-0.16975893647172768
gbdt_leaf_30_59,-0.1695951322062146
gbdt_leaf_25_44,-0.1694750081983154
gbdt_leaf_4_7,-0.16911329169295106
gbdt_leaf_15_32,0.16908494988726627
gbdt_leaf_13_33,-0.16884796596711657
gbdt_leaf_0_29,-0.16880766757052443
gbdt_leaf_14_42,0.1686299004459914
gbdt_leaf_22_20,-0.16800829490377267
gbdt_leaf_6_44,0.16795333854963068
gbdt_leaf_6_18,-0.16782148712712358
gbdt_leaf_2_52,0.16781653590523984
gbdt_leaf_7_9,-0.16772599070882716
gbdt_leaf_15_62,0.16750497920197815
gbdt_leaf_24_56,0.16741587341842562
gbdt_leaf_23_35,-0.16708398707871844
gbdt_leaf_23_14,0.16690177803882597
gbdt_leaf_9_56,-0.16685403815675462
gbdt_leaf_27_34,-0.16656329367657877
gbdt_leaf_30_21,-0.16642531885520417
gbdt_leaf_3_52,-0.16533694469956403
gbdt_leaf_9_47,0.16533091163679628
gbdt_leaf_8_14,0.16495514364060446
gbdt_leaf_18_45,0.16491250825428982
gbdt_leaf_18_61,0.16488125627821765
gbdt_leaf_29_28,0.16462330407269885
gbdt_leaf_31_48,0.16459841500822767
gbdt_leaf_26_25,0.16451335294690014
gbdt_leaf_9_38,0.16449175792164983
gbdt_leaf_11_60,0.16431138964419306
gbdt_leaf_30_61,0.1643036337086796
gbdt_leaf_7_19,-0.1642184863982253
gbdt_leaf_24_6,-0.16406932401077687
gbdt_leaf_0_4,-0.16386048549812202
gbdt_leaf_1_4,0.16375378423409065
gbdt_leaf_1_26,-0.16360903012406158
gbdt_leaf_11_45,0.16353192566846467
gbdt_leaf_14_6,-0.16325363757477138
gbdt_leaf_19_23,0.16317596605890247
gbdt_leaf_15_58,0.1629841938098442
gbdt_leaf_21_21,0.16246609322620598
gbdt_leaf_14_35,0.1621764064502208
gbdt_leaf_19_26,0.16192102689100962
gbdt_leaf_13_7,0.1618493294589003
gbdt_leaf_21_39,-0.16183032846392512
gbdt_leaf_14_51,-0.16178678612141129
gbdt_leaf_23_60,0.16169175897049054
gbdt_leaf_15_35,0.16136682652659834
gbdt_leaf_28_12,-0.16133184855077704
gbdt_leaf_25_23,0.16117672342801115
gbdt_leaf_10_16,0.1611275349951056
gbdt_leaf_18_5,-0.16104489459974541
gbdt_leaf_5_38,-0.16099773047999896
gbdt_leaf_12_24,-0.1609301604457479
gbdt_leaf_8_53,-0.1609283125057525
gbdt_leaf_19_9,-0.16081825291209886
gbdt_leaf_14_49,0.16081571951070292
gbdt_leaf_29_48,0.16073702208511706
gbdt_leaf_22_51,-0.16070486082667648
gbdt_leaf_8_33,-0.16029597164038187
gbdt_leaf_12_37,0.1601707349522312
gbdt_leaf_22_26,0.15994129552835223
gbdt_leaf_13_18,-0.159860745027568
gbdt_leaf_2_9,-0.15975831977387703
gbdt_leaf_5_62,-0.1597121366738398
gbdt_leaf_6_47,-0.1596690156228959
gbdt_leaf_10_59,0.15959484164730436
gbdt_leaf_22_47,-0.15945378927473922
gbdt_leaf_26_39,-0.15935544870526325
gbdt_leaf_0_8,0.15931309886369185
gbdt_leaf_30_52,-0.1593010992348332
gbdt_leaf_5_52,-0.1591866330509376
gbdt_leaf_21_6,-0.15903390761890698
gbdt_leaf_13_39,-0.15899392493134973
gbdt_leaf_2_33,-0.15895160157042465
gbdt_leaf_30_11,0.15890965398055268
gbdt_leaf_26_54,-0.15871363828760635
gbdt_leaf_21_8,0.15839540127142301
gbdt_leaf_29_42,0.1583894613913798
gbdt_leaf_13_2,-0.15838924664476112
gbdt_leaf_15_30,0.1583819282388049
gbdt_leaf_12_9,0.15784053345219565
gbdt_leaf_3_54,0.15779032545229701
gbdt_leaf_12_52,0.15767492568921943
gbdt_leaf_0_23,-0.15692143862283187
gbdt_leaf_23_43,-0.1558102483230833
gbdt_leaf_25_56,0.15554104777852687
gbdt_leaf_31_47,-0.15535033890380334
gbdt_leaf_10_47,0.15524481304056353
gbdt_leaf_2_21,0.15510717168573265
gbdt_leaf_8_25,0.1548793498600654
gbdt_leaf_28_50,-0.15484332825383934
gbdt_leaf_20_19,-0.154653847895832
gbdt_leaf_8_45,0.15464336935062853
gbdt_leaf_12_63,0.15462688583051742
gbdt_leaf_1_55,0.15433485202585775
gbdt_leaf_16_19,0.15432232305376825
gbdt_leaf_11_57,-0.15431387942769212
gbdt_leaf_16_30,0.15429403673642467
gbdt_leaf_31_8,-0.15408216940775216
gbdt_leaf_9_2,-0.1540374904107989
gbdt_leaf_3_2,-0.1540374904107989
gbdt_leaf_15_40,0.15401152431429643
gbdt_leaf_26_31,-0.15362837867929377
gbdt_leaf_21_60,0.15354000912400342
gbdt_leaf_31_16,-0.15342822636317716
gbdt_leaf_17_28,0.15337158486288657
gbdt_leaf_2_47,0.15299849910620403
gbdt_leaf_18_36,-0.15287913469486292
gbdt_leaf_23_0,-0.15274373838434627
gbdt_leaf_29_0,-0.15274373838434627
gbdt_leaf_30_0,-0.15274373838434627
gbdt_leaf_26_0,-0.15274373838434627
gbdt_leaf_27_0,-0.15274373838434627
gbdt_leaf_31_0,-0.15274373838434627
gbdt_leaf_17_20,0.15265232301384948
gbdt_leaf_19_34,-0.15265064483436788
gbdt_leaf_31_15,-0.15261546288131717
gbdt_leaf_15_18,-0.15239353254225785
gbdt_leaf_31_62,0.15227376205721585
gbdt_leaf_9_22,-0.1521912943392671
gbdt_leaf_1_20,0.15197353961178856
gbdt_leaf_26_23,0.15196286320423852
gbdt_leaf_3_14,-0.15192341322920566
gbdt_leaf_8_31,0.1513694230282147
gbdt_leaf_13_21,0.15131684057405645
gbdt_leaf_24_39,-0.15127125572852482
gbdt_leaf_22_23,-0.15118333257865488
gbdt_leaf_29_44,-0.15112208975162006
gbdt_leaf_0_56,0.1510941195206802
gbdt_leaf_23_62,0.15083873635710035
gbdt_leaf_1_7,-0.15080793525859837
gbdt_leaf_21_46,-0.15080663066511502
gbdt_leaf_21_0,-0.15066397892263478
gbdt_leaf_0_57,-0.1506607504629499
gbdt_leaf_4_29,0.15031355306719607
gbdt_leaf_4_41,-0.15020818236353248
gbdt_leaf_15_53,0.1502062767540451
gbdt_leaf_10_31,0.15009309054321546
gbdt_leaf_2_26,-0.1500394169089629
gbdt_leaf_23_19,-0.14976631153851996
gbdt_leaf_17_0,-0.14972584557433533
gbdt_leaf_30_8,-0.14938793093481534
gbdt_leaf_22_0,-0.1489850996839979
gbdt_leaf_13_40,-0.14896080074597554
gbdt_leaf_28_17,0.14886640305002136
gbdt_leaf_15_61,-0.1486822284891395
gbdt_leaf_13_15,-0.14860438749354443
gbdt_leaf_29_25,0.1486020036292829
gbdt_leaf_21_9,-0.14828051368718362
gbdt_leaf_30_27,0.14820226824955834
gbdt_leaf_9_17,0.14781812827948576
gbdt_leaf_28_27,0.14777383585578052
gbdt_leaf_6_4,-0.1475687167117674
gbdt_leaf_1_63,-0.1472971669981907
gbdt_leaf_13_44,0.1472950517704099
gbdt_leaf_25_39,0.147285218553773
gbdt_leaf_27_54,-0.14727077807117608
gbdt_leaf_2_44,-0.14721336758397024
gbdt_leaf_22_14,0.14709217014592094
gbdt_leaf_7_16,-0.14708189984905273
gbdt_leaf_27_39,0.1467554526180298
gbdt_leaf_4_8,-0.14671012156059748
gbdt_leaf_6_50,0.14645610511372933
gbdt_leaf_10_37,0.14633933457293447
gbdt_leaf_21_14,0.14631637550248394
gbdt_leaf_11_42,-0.14625660309102084
gbdt_leaf_7_7,-0.14611113594058903
gbdt_leaf_4_24,-0.14611113594058903
gbdt_leaf_5_22,-0.14607112925183907
gbdt_leaf_16_1,-0.14598812265066013
gbdt_leaf_28_18,-0.14593126390586073
gbdt_leaf_12_32,0.1459293128341589
gbdt_leaf_31_34,-0.14570206049499312
gbdt_leaf_12_59,0.14544569353351866
gbdt_leaf_20_12,0.14541215432407026
gbdt_leaf_4_59,0.14539596707439986
gbdt_leaf_11_23,-0.14525938716723458
gbdt_leaf_20_51,-0.14500535693071023
gbdt_leaf_23_7,-0.1446490392112103
gbdt_leaf_2_61,0.144633042864067
gbdt_leaf_29_58,-0.1445002846904649
gbdt_leaf_11_27,-0.14432779822619468
gbdt_leaf_26_24,-0.14428020646744474
gbdt_leaf_9_57,0.14427545148308904
gbdt_leaf_7_24,-0.14421320001272026
gbdt_leaf_9_28,-0.14421320001272026
gbdt_leaf_9_32,-0.14396612388817048
gbdt_leaf_30_63,0.1437804987743949
gbdt_leaf_5_60,0.14368151086388625
gbdt_leaf_0_34,0.14354141122946054
gbdt_leaf_4_43,0.14341183374261574
gbdt_leaf_1_40,0.1433198773973057
gbdt_leaf_3_5,0.14293608293228777
gbdt_leaf_15_22,-0.14274589433987972
gbdt_leaf_1_36,-0.14270976104992852
gbdt_leaf_10_5,0.14241695796899667
gbdt_leaf_31_4,-0.14225839099340185
gbdt_leaf_26_2,-0.14225839099340185
gbdt_leaf_27_2,-0.14225839099340185
gbdt_leaf_28_2,-0.14225839099340185
gbdt_leaf_26_28,0.14199983126049592
gbdt_leaf_26_41,-0.14197165407498602
gbdt_leaf_25_48,0.14182291296353386
gbdt_leaf_12_15,-0.14174722307766607
gbdt_leaf_9_35,0.14153154460318187
gbdt_leaf_7_34,-0.14133936065930794
gbdt_leaf_7_39,0.14125695468120994
gbdt_leaf_21_29,0.14091233185389157
gbdt_leaf_2_25,-0.14080807196413472
gbdt_leaf_25_51,-0.1407806393809473
gbdt_leaf_12_22,-0.14063243406689868
gbdt_leaf_17_50,0.1406103927871116
gbdt_leaf_11_38,0.13992702155749262
gbdt_leaf_10_22,-0.1397015598456799
gbdt_leaf_14_45,-0.13966499381102515
gbdt_leaf_19_30,0.13966340550391373
gbdt_leaf_28_37,-0.13964312350303315
gbdt_leaf_2_7,0.139636043312676
gbdt_leaf_5_37,0.13859029403895884
gbdt_leaf_27_44,0.13836917764140433
gbdt_leaf_8_13,-0.13836321003876298
gbdt_leaf_28_13,0.13828907218523606
gbdt_leaf_31_10,0.13817166367607675
gbdt_leaf_21_10,0.13812112094206302
gbdt_leaf_11_0,-0.13810603337168306
gbdt_leaf_1_48,-0.13810423246492698
gbdt_leaf_17_27,-0.13786941748603448
gbdt_leaf_20_32,-0.13776555106043045
gbdt_leaf_16_29,-0.13738388120841433
gbdt_leaf_23_55,0.13729265573672328
gbdt_leaf_2_46,0.13719306205234322
gbdt_leaf_26_29,-0.1369187491265934
gbdt_leaf_10_9,0.13674277535193705
gbdt_leaf_3_36,-0.13661765070218268
gbdt_leaf_30_39,-0.1365421049777103
gbdt_leaf_4_16,-0.13651017198020912
gbdt_leaf_7_3,-0.1363998675806529
gbdt_leaf_4_5,-0.1363998675806529
gbdt_leaf_23_56,-0.13618550962376763
gbdt_leaf_3_39,0.13603357744235522
gbdt_leaf_18_24,0.13593422566946906
gbdt_leaf_10_21,0.1356782994499049
gbdt_leaf_22_15,-0.13550344736188377
gbdt_leaf_6_33,0.13544670978659043
gbdt_leaf_11_59,0.1353307096822014
gbdt_leaf_24_9,-0.13528054323819827
gbdt_leaf_14_4,-0.13526521741377492
gbdt_leaf_9_10,-0.13497514519717568
gbdt_leaf_22_60,0.13495882174159696
gbdt_leaf_10_53,0.13493614436432558
gbdt_leaf_25_46,0.13488542142114887
gbdt_leaf_6_36,-0.1348723726737566
gbdt_leaf_30_50,0.13482626786158874
gbdt_leaf_15_50,-0.13458438371428513
gbdt_leaf_18_29,-0.13443583318720934
gbdt_leaf_29_40,-0.13443174513517142
gbdt_leaf_11_63,0.1343707582175749
gbdt_leaf_18_27,-0.1343306061248461
gbdt_leaf_7_14,-0.13369296814553988
gbdt_leaf_21_42,-0.13368529709275428
gbdt_leaf_3_44,-0.13341516125302233
gbdt_leaf_4_9,0.13338312541853736
gbdt_leaf_18_43,0.13307582490449874
gbdt_leaf_3_11,-0.1329423273039278
gbdt_leaf_18_62,0.13257225402041906
gbdt_leaf_5_61,-0.13212255716781127
gbdt_leaf_18_32,-0.13194752906531088
gbdt_leaf_0_6,0.1319098136620178
gbdt_leaf_2_43,-0.13175320788437309
gbdt_leaf_11_21,0.1315448218669357
gbdt_leaf_20_31,0.13145600544154742
gbdt_leaf_14_57,-0.1313737076191087
gbdt_leaf_11_53,0.13132646564716088
gbdt_leaf_15_10,-0.13128219831538618
gbdt_leaf_13_23,0.13126727145221145
gbdt_leaf_9_53,0.13122905863506207
gbdt_leaf_24_28,0.13097993480137096
gbdt_leaf_23_13,-0.13093699162657751
gbdt_leaf_29_52,0.13073603530548272
gbdt_leaf_17_32,-0.1307003022158245
gbdt_leaf_14_26,0.1304585988687373
gbdt_leaf_28_10,-0.13033683801552284
gbdt_leaf_31_54,0.13032843142822306
gbdt_leaf_13_28,0.130304992171956
gbdt_leaf_14_24,-0.13027436792193386
gbdt_leaf_28_56,0.1300814898570671
gbdt_leaf_13_3,0.13007667616505092
gbdt_leaf_20_15,-0.13004822081067827
gbdt_leaf_20_23,-0.12992834724001623
gbdt_leaf_10_60,0.1298886394335036
gbdt_leaf_16_27,-0.1298268185194392
gbdt_leaf_8_9,-0.12969914723536619
gbdt_leaf_5_21,-0.12960486851592193
gbdt_leaf_8_42,0.1294240082334007
gbdt_leaf_29_46,-0.12911869372844945
gbdt_leaf_29_8,0.12911462382875882
gbdt_leaf_29_51,-0.12896403331909806
gbdt_leaf_28_8,0.1289459763358541
gbdt_leaf_31_13,-0.12887873044802184
gbdt_leaf_28_41,-0.12880931128339945
gbdt_leaf_16_21,0.12879698834656783
gbdt_leaf_2_57,0.12876288095719232
gbdt_leaf_7_58,0.12866483228704398
gbdt_leaf_4_60,0.1286283095672553
gbdt_leaf_9_42,-0.12858097107066002
gbdt_leaf_16_55,-0.12834067994868456
gbdt_leaf_26_18,-0.12825616110471122
gbdt_leaf_18_42,0.128198777228265
gbdt_leaf_13_59,0.1280866445797519
gbdt_leaf_12_54,0.1279055904302036
gbdt_leaf_3_48,0.12763646254951833
gbdt_leaf_25_59,0.12761074027175234
gbdt_leaf_12_45,0.12741531799799008
gbdt_leaf_18_25,-0.1272542820585542
gbdt_leaf_2_13,-0.1272093863258102
gbdt_leaf_3_53,0.12692176589335305
gbdt_leaf_11_49,0.126861742781565
gbdt_leaf_2_41,0.12677481386506406
gbdt_leaf_27_3,0.12671009039583533
gbdt_leaf_23_50,-0.12659990484590783
gbdt_leaf_5_63,0.12656159800890446
gbdt_leaf_10_48,0.1265042326617124
gbdt_leaf_19_38,0.12620870038338927
gbdt_leaf_3_35,0.12619032621079682
gbdt_leaf_6_49,0.1260930355633054
gbdt_leaf_9_21,-0.12602021550594336
gbdt_leaf_4_36,-0.12600085272511524
gbdt_leaf_28_5,0.12579577692715654
gbdt_leaf_20_61,0.12565925210955037
gbdt_leaf_3_62,0.1256052593200783
gbdt_leaf_16_50,-0.12545598332920618
gbdt_leaf_21_27,-0.12542960169343084
gbdt_leaf_22_27,-0.1252538548288622
gbdt_leaf_16_12,-0.12520845307546125
gbdt_leaf_8_38,0.12513781270520283
gbdt_leaf_31_17,-0.12483694699124927
gbdt_leaf_4_39,0.12452675821776979
gbdt_leaf_0_14,-0.12448252508807844
gbdt_leaf_11_55,0.12427290011973444
gbdt_leaf_18_31,0.12419335856881207
gbdt_leaf_30_10,-0.12417641799023285
gbdt_leaf_5_33,-0.12416911298545266
gbdt_leaf_16_13,0.1240584825018475
gbdt_leaf_16_25,0.12401378080047308
gbdt_leaf_18_0,-0.12376257773568543
gbdt_leaf_23_42,-0.12361845326619146
gbdt_leaf_12_18,0.12358731886363285
gbdt_leaf_19_54,-0.12351862421223195
gbdt_leaf_5_44,0.12320737947819976
gbdt_leaf_14_48,-0.12264487570699392
gbdt_leaf_25_8,-0.1225721681239229
gbdt_leaf_6_62,0.12253193780309424
gbdt_leaf_21_35,0.1225313401452206
gbdt_leaf_0_12,-0.12252157939305985
gbdt_leaf_9_7,-0.12244117922378145
gbdt_leaf_12_47,0.12243780209681665
gbdt_leaf_11_12,0.12220236499646588
gbdt_leaf_17_24,0.12220236499646588
gbdt_leaf_17_29,-0.12220215219616444
gbdt_leaf_20_46,-0.12207478322350292
gbdt_leaf_22_48,-0.12186130302897225
gbdt_leaf_28_49,0.12178354093526134
gbdt_leaf_2_5,-0.12160317767353641
gbdt_leaf_26_53,-0.1215432502166168
gbdt_leaf_20_10,0.12147694711714077
gbdt_leaf_0_22,-0.12143848490898047
gbdt_leaf_1_21,-0.12137187043625905
gbdt_leaf_5_26,0.12107786949517317
gbdt_leaf_0_42,0.12084965037042777
gbdt_leaf_14_17,-0.12082645448334775
gbdt_leaf_7_4,-0.12077641458011977
gbdt_leaf_21_40,0.12069675274497689
gbdt_leaf_9_60,0.12054787696532
gbdt_leaf_27_35,0.12048430777504415
gbdt_leaf_22_22,0.12004121933629766
gbdt_leaf_0_53,0.11989495926463119
gbdt_leaf_20_58,-0.1198885446994979
gbdt_leaf_23_23,0.11984775308130019
gbdt_leaf_17_57,-0.11980374124369932
gbdt_leaf_17_60,0.11945810504515496
gbdt_leaf_10_40,0.11943976564060779
gbdt_leaf_22_17,-0.11932155860969386
gbdt_leaf_16_60,0.11898215790874364
gbdt_leaf_10_52,0.118953769194692
gbdt_leaf_2_4,-0.11877307440736819
gbdt_leaf_10_13,0.11873137749083722
gbdt_leaf_8_48,-0.11870234470895083
gbdt_leaf_16_28,-0.11868002794569232
gbdt_leaf_31_18,0.11857170674656954
gbdt_leaf_19_51,0.11819408202982007
gbdt_leaf_0_1,0.1179050827113212
gbdt_leaf_9_44,0.11783954662790784
gbdt_leaf_29_50,0.1178280287759547
gbdt_leaf_8_17,-0.11780711908404636
gbdt_leaf_3_10,-0.11776444361940325
gbdt_leaf_30_22,-0.11774031131355006
gbdt_leaf_2_14,-0.11765668502550322
gbdt_leaf_6_45,0.1174434038644045
gbdt_leaf_5_10,0.11721321167244271
gbdt_leaf_13_12,-0.1170682420049635
gbdt_leaf_22_33,0.11704454440601879
gbdt_leaf_4_26,-0.11690572411192633
gbdt_leaf_13_9,0.11683351352900892
gbdt_leaf_19_15,0.11666175329389332
gbdt_leaf_10_19,-0.11665815625030625
gbdt_leaf_4_28,-0.1165964086032999
gbdt_leaf_5_35,0.11641398893156962
gbdt_leaf_26_43,0.11639772869449082
gbdt_leaf_2_10,-0.1163576444746351
gbdt_leaf_28_62,-0.11607445919138419
gbdt_leaf_21_33,0.11598721827737166
gbdt_leaf_15_13,-0.11591856973340064
gbdt_leaf_20_4,0.11587819376979566
gbdt_leaf_28_45,-0.11580406067875307
gbdt_leaf_31_52,0.11571082756877561
gbdt_leaf_15_59,-0.11569149761244457
gbdt_leaf_18_14,0.11567350918710188
gbdt_leaf_0_28,0.11560655250106731
gbdt_leaf_17_61,-0.11556824699902334
gbdt_leaf_27_13,-0.11544040681280235
gbdt_leaf_25_45,0.11493489323886168
gbdt_leaf_29_18,0.11491938852746528
gbdt_leaf_2_56,-0.11490524965060163
gbdt_leaf_2_37,-0.1148707863884373
gbdt_leaf_8_2,-0.11477676167699427
gbdt_leaf_14_2,-0.11477676167699427
gbdt_leaf_10_61,-0.11467437750689409
gbdt_leaf_12_10,0.11457696422549563
gbdt_leaf_9_46,0.11451917552141763
gbdt_leaf_13_1,-0.11450769493793257
gbdt_leaf_20_33,0.11444186811159428
gbdt_leaf_13_47,-0.11442536846123806
gbdt_leaf_2_60,0.11422288083173397
gbdt_leaf_30_49,-0.1140833427909855
gbdt_leaf_21_63,0.11386531979028029
gbdt_leaf_1_31,-0.11377448450421919
gbdt_leaf_21_44,0.11372332311970018
gbdt_leaf_9_0,-0.11359173088085046
gbdt_leaf_8_12,-0.11357000387744687
gbdt_leaf_7_10,0.11317779393153632
gbdt_leaf_19_27,0.11311521424161784
gbdt_leaf_1_12,0.11282982497768168
gbdt_leaf_22_59,0.11271866128533195
gbdt_leaf_0_17,0.11269307215850395
gbdt_leaf_10_33,0.11217422525337784
gbdt_leaf_19_32,0.11200427770668805
gbdt_leaf_6_39,-0.11190971689000768
gbdt_leaf_18_26,0.11182579769609433
gbdt_leaf_22_37,0.11138348179021414
gbdt_leaf_1_13,-0.11126482190987985
gbdt_leaf_9_41,-0.11115388953643675
gbdt_leaf_16_39,0.11100260187490804
gbdt_leaf_8_11,0.11097346164275662
gbdt_leaf_10_29,-0.11089713459510053
gbdt_leaf_9_23,0.11085326212158993
gbdt_leaf_16_57,-0.1108251946529593
gbdt_leaf_24_38,0.11070551687144212
gbdt_leaf_22_9,0.11061588670671743
gbdt_leaf_10_24,-0.11058594248770534
gbdt_leaf_4_25,-0.110351541187606
gbdt_leaf_24_2,-0.11013217471082233
gbdt_leaf_25_2,-0.11013217471082233
gbdt_leaf_0_13,-0.10995307227875441
gbdt_leaf_3_22,0.10989481807199403
gbdt_leaf_21_45,-0.10983487351953847
gbdt_leaf_26_20,0.10980682317866902
gbdt_leaf_21_41,-0.10980236882696993
gbdt_leaf_20_17,0.10962108447738822
gbdt_leaf_3_51,0.10957681988241638
gbdt_leaf_2_29,-0.10945476541369561
gbdt_leaf_25_25,-0.10915748442768933
gbdt_leaf_30_5,0.10904770970576656
gbdt_leaf_21_2,-0.10894963134667722
gbdt_leaf_7_36,-0.1089301645620317
gbdt_leaf_16_32,0.1087193036355399
gbdt_leaf_17_14,-0.10866345233007571
gbdt_leaf_5_56,-0.10860172150813027
gbdt_leaf_16_8,0.10835594445400855
gbdt_leaf_31_37,0.10832011249348597
gbdt_leaf_6_59,-0.10819256255981698
gbdt_leaf_5_50,0.10803524444708411
gbdt_leaf_30_20,0.10802405197450947
gbdt_leaf_16_17,0.10795031068489275
gbdt_leaf_2_58,0.10767642217460753
gbdt_leaf_0_63,-0.10752065679689547
gbdt_leaf_9_45,-0.10733549476440613
gbdt_leaf_8_24,-0.10728867310967642
gbdt_leaf_20_49,0.10716162760762032
gbdt_leaf_10_32,-0.10714703383102728
gbdt_leaf_9_59,-0.10694568614970637
gbdt_leaf_20_21,-0.10663944041075613
gbdt_leaf_5_47,-0.10653514229159447
gbdt_leaf_24_57,0.10639575571447266
gbdt_leaf_15_25,-0.10618506144885641
gbdt_leaf_0_47,-0.10613108228854493
gbdt_leaf_24_61,0.10609610883766188
gbdt_leaf_14_47,-0.10605647491159077
gbdt_leaf_20_39,0.1060194759952848
gbdt_leaf_4_44,0.10600584467029008
gbdt_leaf_25_60,-0.1059613948680334
gbdt_leaf_19_50,-0.10590045684654889
gbdt_leaf_22_49,-0.1057224093796449
gbdt_leaf_12_19,0.10567049178818455
gbdt_leaf_26_47,-0.10559398156733157
gbdt_leaf_4_31,0.10553926613500218
gbdt_leaf_11_28,-0.10550434522870723
gbdt_leaf_25_52,-0.10531090054639071
gbdt_leaf_17_15,-0.10439490450005982
gbdt_leaf_16_54,0.10414050593502823
gbdt_leaf_3_6,0.10407280776457636
gbdt_leaf_18_2,-0.10404302679490557
gbdt_leaf_5_45,-0.10402461394050277
gbdt_leaf_18_30,-0.10386372100887846
gbdt_leaf_11_41,-0.10370617245999926
gbdt_leaf_30_33,0.10367251384279277
gbdt_leaf_12_53,-0.10348227206580118
gbdt_leaf_22_61,0.1034356319547228
gbdt_leaf_5_19,0.10331375544635077
gbdt_leaf_3_26,-0.10327194418199043
gbdt_leaf_17_39,0.10297272962835785
gbdt_leaf_2_45,-0.10296343995588923
gbdt_leaf_24_44,0.10295873273042101
gbdt_leaf_18_40,0.10284197530715879
gbdt_leaf_7_48,0.10281193439417564
gbdt_leaf_29_49,0.10254906589477265
gbdt_leaf_16_58,0.10252177583879409
gbdt_leaf_8_37,0.10227253860274084
gbdt_leaf_0_60,0.10221532043159222
gbdt_leaf_30_47,0.10206552383988847
gbdt_leaf_28_28,-0.10196593666562083
gbdt_leaf_28_35,0.1019553019719762
gbdt_leaf_26_34,0.10190661470478186
gbdt_leaf_26_35,-0.1016938994625877
gbdt_leaf_2_53,0.10165333280827768
gbdt_leaf_16_61,0.10163515048946825
gbdt_leaf_12_46,0.10155226307313057
gbdt_leaf_25_47,-0.1014564673440135
gbdt_leaf_22_56,-0.10141349851829028
gbdt_leaf_22_54,-0.10131404045868192
gbdt_leaf_25_40,0.1012786259429727
gbdt_leaf_28_53,-0.10112748667207792
gbdt_leaf_1_28,-0.10109632659458363
gbdt_leaf_15_42,0.10107854837771268
gbdt_leaf_13_11,0.10104876456676527
gbdt_leaf_30_31,-0.10101835157990931
gbdt_leaf_22_2,0.10100497245877124
gbdt_leaf_13_25,-0.10046035600930016
gbdt_leaf_20_7,-0.10044028450783452
gbdt_leaf_13_20,0.10043400078603251
gbdt_leaf_15_44,-0.1003520298886547
gbdt_leaf_13_22,0.10011201211595377
gbdt_leaf_19_4,0.10011201211595377
gbdt_leaf_18_6,0.10011201211595377
gbdt_leaf_9_3,0.10011201211595377
gbdt_leaf_11_56,-0.10008182819191976
gbdt_leaf_7_21,-0.10005018122427278
gbdt_leaf_21_49,-0.09978105114639518
gbdt_leaf_4_20,0.09966068388179655
gbdt_leaf_31_19,0.09951535136262107
gbdt_leaf_13_29,-0.09950964850047342
gbdt_leaf_8_60,0.09950445526634075
gbdt_leaf_27_10,0.09947886768596344
gbdt_leaf_6_25,-0.09928012693298152
gbdt_leaf_16_2,-0.09910525151092392
gbdt_leaf_24_54,0.09889661193889038
gbdt_leaf_7_5,-0.09885835223053527
gbdt_leaf_14_30,0.09858660419370975
gbdt_leaf_26_12,-0.09847119944305635
gbdt_leaf_19_16,0.09845115579754829
gbdt_leaf_18_15,0.09845115579754829
gbdt_leaf_1_51,0.09837044668644386
gbdt_leaf_17_53,0.09835477558250781
gbdt_leaf_30_42,-0.09827130678940142
gbdt_leaf_9_11,-0.09825974558748649
gbdt_leaf_1_38,0.09816552371454207
gbdt_leaf_26_10,0.09812211101769999
gbdt_leaf_13_32,0.09806414282957046
gbdt_leaf_22_31,0.09794466151376095
gbdt_leaf_10_44,0.09785979948040781
gbdt_leaf_5_3,-0.09767686629725492
gbdt_leaf_15_38,-0.09742770238065028
gbdt_leaf_24_29,0.0972400893450352
gbdt_leaf_5_25,-0.09721525490101134
gbdt_leaf_22_11,-0.09719550591317803
gbdt_leaf_26_36,0.09718141658364159
gbdt_leaf_0_25,0.09694688769709034
gbdt_leaf_21_5,-0.09692308980748976
gbdt_leaf_29_23,0.09690856240148922
gbdt_leaf_25_24,-0.0968166274427248
gbdt_leaf_9_19,0.09658604512648408
gbdt_leaf_18_21,0.09650171502287894
gbdt_leaf_9_40,0.09644472639704145
gbdt_leaf_22_12,0.09639651519358074
gbdt_leaf_11_46,0.09629886600711193
gbdt_leaf_4_40,0.09626534935453648
gbdt_leaf_10_50,-0.09623979226766766
gbdt_leaf_20_27,0.09618053642389805
gbdt_leaf_1_62,0.09606084424309157
gbdt_leaf_4_19,-0.0960120136001053
gbdt_leaf_4_38,0.09583861730824664
gbdt_leaf_14_14,-0.09576657282787175
gbdt_leaf_26_60,0.09563356756794224
gbdt_leaf_5_42,0.09550784611677347
gbdt_leaf_27_26,-0.09539350010652246
gbdt_leaf_17_48,0.09523034729712905
gbdt_leaf_27_45,0.09518655460145567
gbdt_leaf_8_61,0.09502607317678508
gbdt_leaf_13_34,0.09493923868160233
gbdt_leaf_12_42,0.0946485123090345
gbdt_leaf_15_28,0.09445233849596367
gbdt_leaf_3_57,-0.09434447089248862
gbdt_leaf_17_55,0.09410337177677168
gbdt_leaf_25_18,-0.09409489603367269
gbdt_leaf_0_26,-0.09405745532240348
gbdt_leaf_23_45,-0.0940387238301331
gbdt_leaf_15_2,-0.09395924708178209
gbdt_leaf_21_26,0.09393391100870897
gbdt_leaf_2_34,-0.09377852262425324
gbdt_leaf_23_61,0.09365993648596713
gbdt_leaf_20_36,-0.09343496412516042
gbdt_leaf_30_24,0.0934184685645127
gbdt_leaf_26_22,0.09334569048821921
gbdt_leaf_14_27,-0.09334067254640917
gbdt_leaf_24_62,0.09322155505153641
gbdt_leaf_8_27,-0.09290756033953095
gbdt_leaf_24_42,0.09269498029553186
gbdt_leaf_27_28,0.09237259217279357
gbdt_leaf_9_33,0.09232187666764584
gbdt_leaf_3_37,0.0923181459125858
gbdt_leaf_28_3,0.09230469290296617
gbdt_leaf_17_47,0.09225389501292194
gbdt_leaf_4_56,-0.092240854643487
gbdt_leaf_20_6,0.09223956259121847
gbdt_leaf_15_17,0.09220393509108728
gbdt_leaf_7_62,0.09219517100392426
gbdt_leaf_16_36,-0.09199724549644904
gbdt_leaf_12_6,-0.0919686921422069
gbdt_leaf_21_34,-0.09182038473395607
gbdt_leaf_30_16,0.09170484354479051
gbdt_leaf_23_12,0.0916382461189565
gbdt_leaf_22_21,-0.09146640011243962
gbdt_leaf_6_2,-0.09143682990667566
gbdt_leaf_5_2,-0.09143682990667566
gbdt_leaf_7_2,-0.09143682990667566
gbdt_leaf_21_28,-0.09115351809144355
gbdt_leaf_25_7,0.0910399044355694
gbdt_leaf_3_30,0.09102906378619686
gbdt_leaf_17_49,-0.09094075767587947
gbdt_leaf_28_59,0.09080108810852193
gbdt_leaf_0_35,-0.09075055731804944
gbdt_leaf_23_26,0.09051492209916738
gbdt_leaf_27_52,-0.09043160786511813
gbdt_leaf_21_53,-0.09033811557954519
gbdt_leaf_27_11,-0.08997431323832514
gbdt_leaf_15_29,-0.08985434427443587
gbdt_leaf_9_26,0.0895954064238508
gbdt_leaf_9_16,0.08950019534185272
gbdt_leaf_3_24,0.0891640417825731
gbdt_leaf_18_48,0.08898261236576767
gbdt_leaf_23_17,-0.08889308066385265
gbdt_leaf_12_49,0.08885526638026663
gbdt_leaf_24_24,-0.0886739546845597
gbdt_leaf_5_7,-0.08854863513647258
gbdt_leaf_23_59,-0.08852954455892197
gbdt_leaf_10_0,-0.08840189715822612
gbdt_leaf_16_34,-0.0883478231126421
gbdt_leaf_6_27,0.08829093597761128
gbdt_leaf_5_54,-0.08828406812567854
gbdt_leaf_24_7,0.0882597598435248
gbdt_leaf_8_22,0.08818670566946087
gbdt_leaf_5_16,-0.08807583129634569
gbdt_leaf_27_33,-0.08801749279823784
gbdt_leaf_17_56,-0.08793483758285749
gbdt_leaf_4_53,-0.0878618126375104
gbdt_leaf_24_8,-0.08779402593211154
gbdt_leaf_20_60,-0.08767384579900761
gbdt_leaf_15_24,0.08745888396886034
gbdt_leaf_17_16,-0.08745120750487821
gbdt_leaf_9_37,-0.08729762446429218
gbdt_leaf_9_50,-0.08727897753290555
gbdt_leaf_3_55,-0.08723956696229936
gbdt_leaf_22_24,0.08697142742198799
gbdt_leaf_30_51,-0.08662736673044448
gbdt_leaf_16_18,-0.08660687139250842
gbdt_leaf_6_26,-0.0865586973857832
gbdt_leaf_2_2,-0.08649569078203061
gbdt_leaf_20_9,-0.08635127226659581
gbdt_leaf_14_29,0.08622194580598411
gbdt_leaf_25_61,-0.08582053644693982
gbdt_leaf_1_23,0.08571841091316337
gbdt_leaf_28_11,0.08562319972109347
gbdt_leaf_2_3,-0.0856153113584635
gbdt_leaf_1_3,-0.0856153113584635
gbdt_leaf_19_36,0.08560883805241827
gbdt_leaf_19_43,-0.08558709074447374
gbdt_leaf_7_15,0.08538883651239383
gbdt_leaf_8_6,0.08538871222379861
gbdt_leaf_24_26,-0.08534438453077932
gbdt_leaf_24_22,0.08511126801426654
gbdt_leaf_22_30,0.08509381150090599
gbdt_leaf_6_42,-0.08482540750122664
gbdt_leaf_27_5,0.0846633522632208
gbdt_leaf_26_5,0.0846633522632208
gbdt_leaf_31_5,0.0846633522632208
gbdt_leaf_20_24,0.08462588004423137
gbdt_leaf_10_55,-0.08433294190592695
gbdt_leaf_27_15,-0.08425359200447746
gbdt_leaf_7_11,0.08406452286114913
gbdt_leaf_5_46,0.08363744985584343
gbdt_leaf_2_32,0.08347161974022003
gbdt_leaf_5_8,-0.08341596976257189
gbdt_leaf_15_49,0.08337322893735954
gbdt_leaf_24_52,-0.08328610839340345
gbdt_leaf_18_57,0.08317538383494279
gbdt_leaf_30_57,-0.08304024511451759
gbdt_leaf_29_2,0.08300255283769965
gbdt_leaf_11_48,-0.08296017665932878
gbdt_leaf_31_39,0.08290199411938477
gbdt_leaf_14_54,0.08254413811457495
gbdt_leaf_26_50,0.08249678141914617
gbdt_leaf_7_51,-0.08244635641494931
gbdt_leaf_12_31,-0.08241056390105862
gbdt_leaf_27_14,0.08230342084115022
gbdt_leaf_19_61,0.08200590664572605
gbdt_leaf_24_33,0.08193167776788782
gbdt_leaf_5_48,0.08186862395268056
gbdt_leaf_17_44,0.08186489774807845
gbdt_leaf_11_30,0.0818381994923139
gbdt_leaf_4_17,-0.08183151815255243
gbdt_leaf_2_39,-0.08179337485778335
gbdt_leaf_2_55,-0.08168904343098514
gbdt_leaf_30_18,-0.08167642316758494
gbdt_leaf_6_31,0.08161891556169901
gbdt_leaf_20_45,-0.08154391824650677
gbdt_leaf_8_63,0.08145472773270615
gbdt_leaf_29_7,-0.08132783510319296
gbdt_leaf_27_9,0.08131578110492385
gbdt_leaf_25_57,-0.08127532692795623
gbdt_leaf_21_18,-0.08122620702270934
gbdt_leaf_17_41,0.08109911511925516
gbdt_leaf_3_7,-0.08108609092079623
gbdt_leaf_6_21,-0.0809856360828482
gbdt_leaf_17_30,-0.08098519513148221
gbdt_leaf_20_50,0.08093633703612123
gbdt_leaf_5_20,0.08057969308360936
gbdt_leaf_27_25,0.08049100594214954
gbdt_leaf_29_32,-0.08034401445886305
gbdt_leaf_8_35,0.08033049800267288
gbdt_leaf_27_32,0.08029208981651935
gbdt_leaf_19_18,-0.0802333330051424
gbdt_leaf_22_62,0.08021940261332844
gbdt_leaf_28_15,-0.0801669349253572
gbdt_leaf_31_29,-0.08014876695374984
gbdt_leaf_3_45,0.07997825864332322
gbdt_leaf_15_33,0.07963840091459727
gbdt_leaf_22_40,-0.07927744139883883
gbdt_leaf_10_20,0.07909888338652941
gbdt_leaf_13_36,0.0790597055952279
gbdt_leaf_19_35,-0.0790275775895405
gbdt_leaf_24_12,0.0789042533600746
gbdt_leaf_20_2,0.07889586086488044
gbdt_leaf_15_34,-0.07875967082032348
gbdt_leaf_17_17,0.07874995409634636
gbdt_leaf_16_62,0.07859423198283914
gbdt_leaf_19_25,-0.07846173317543065
gbdt_leaf_19_2,0.07841990783984829
gbdt_leaf_8_1,-0.07827482536887968
gbdt_leaf_30_6,0.07805250625894739
gbdt_leaf_16_6,0.07805250625894739
gbdt_leaf_15_11,0.07788527233402148
gbdt_leaf_9_34,-0.07783394305627006
gbdt_leaf_11_40,0.07756355081229463
gbdt_leaf_26_46,0.07750971749607628
gbdt_leaf_14_22,-0.07750268433386619
gbdt_leaf_29_53,-0.07750101383136042
gbdt_leaf_24_16,0.07735338160600562
gbdt_leaf_11_51,0.0772964328370485
gbdt_leaf_9_55,0.0771459226800309
gbdt_leaf_14_28,0.07714194226963383
gbdt_leaf_26_62,-0.07713323008005392
gbdt_leaf_18_53,0.07706979136869285
gbdt_leaf_4_11,0.07696505392970149
gbdt_leaf_4_51,-0.07675059459562705
gbdt_leaf_19_59,0.07673381776760717
gbdt_leaf_8_4,-0.07658134164046687
gbdt_leaf_9_12,0.07648963706669776
gbdt_leaf_12_50,0.07636510536801693
gbdt_leaf_28_20,-0.07632268243794903
gbdt_leaf_17_22,-0.07627015748216263
gbdt_leaf_23_38,-0.07615798469369707
gbdt_leaf_19_39,-0.07615361821831339
gbdt_leaf_31_36,-0.07607578726006792
gbdt_leaf_21_20,0.07606117143970613
gbdt_leaf_8_23,0.07602726323458361
gbdt_leaf_25_36,-0.0760129150540188
gbdt_leaf_31_60,-0.07564287250287775
gbdt_leaf_19_62,-0.07563106163845057
gbdt_leaf_29_37,0.07554511296194222
gbdt_leaf_30_30,-0.07532753129994313
gbdt_leaf_31_21,0.07532298480335166
gbdt_leaf_18_55,0.0752133664530283
gbdt_leaf_0_45,0.07515354208790635
gbdt_leaf_20_62,0.07514660956841857
gbdt_leaf_16_48,-0.07502742999351635
gbdt_leaf_19_46,-0.07489742940460009
gbdt_leaf_11_14,0.07478103409556691
gbdt_leaf_17_25,0.07468442883172553
gbdt_leaf_5_14,0.07463824547492404
gbdt_leaf_17_36,0.07460223496487227
gbdt_leaf_27_42,-0.07458160659973168
gbdt_leaf_14_62,-0.07449883691637528
gbdt_leaf_29_3,0.07446891301546657
gbdt_leaf_31_3,0.07446891301546657
gbdt_leaf_26_4,0.07446891301546657
gbdt_leaf_23_3,0.07446891301546657
gbdt_leaf_27_4,0.07446891301546657
gbdt_leaf_30_3,0.07446891301546657
gbdt_leaf_2_31,0.07429719382140408
gbdt_leaf_16_52,0.07426978128304922
gbdt_leaf_5_4,0.07410948477230793
gbdt_leaf_9_39,0.07403130267837628
gbdt_leaf_13_27,0.07384060305621641
gbdt_leaf_30_17,0.07380930196130578
gbdt_leaf_6_11,-0.07361878289871158
gbdt_leaf_7_13,-0.07361878289871158
gbdt_leaf_4_27,-0.07361878289871158
gbdt_leaf_20_59,0.07344536311737461
gbdt_leaf_3_41,0.07332279411416727
gbdt_leaf_21_48,-0.07325042917089171
gbdt_leaf_4_49,0.07320036775683253
gbdt_leaf_9_36,0.0731713798276932
gbdt_leaf_2_16,-0.07306521347928327
gbdt_leaf_23_20,-0.07298084075903326
gbdt_leaf_17_13,-0.07282327430713811
gbdt_leaf_12_34,-0.07279250207253034
gbdt_leaf_6_30,-0.07256788780341372
gbdt_leaf_21_3,0.07238915355375522
gbdt_leaf_7_26,0.07223264573604052
gbdt_leaf_9_13,-0.07208068483870057
gbdt_leaf_6_52,0.07192852673438511
gbdt_leaf_26_63,0.07173522984913519
gbdt_leaf_29_62,0.07169721692191079
gbdt_leaf_27_17,0.07168084242822621
gbdt_leaf_31_55,0.07147630360239739
gbdt_leaf_17_4,0.07145102020545573
gbdt_leaf_22_13,-0.07140693680465701
gbdt_leaf_25_62,0.07134530408418922
gbdt_leaf_28_26,-0.07132081613093924
gbdt_leaf_1_39,0.0712751847527787
gbdt_leaf_27_23,0.07118580596035005
gbdt_leaf_26_49,0.07114117886525864
gbdt_leaf_28_42,0.0708944339698158
gbdt_leaf_22_3,0.07071027431511816
gbdt_leaf_24_20,-0.07055837545241106
gbdt_leaf_19_37,-0.07054483968791853
gbdt_leaf_4_58,-0.07047301196451397
gbdt_leaf_20_38,0.07041032704346425
gbdt_leaf_18_47,-0.07036291838855176
gbdt_leaf_18_19,0.0702972392271024
gbdt_leaf_17_54,-0.07018019412541814
gbdt_leaf_19_49,0.07000070919451411
gbdt_leaf_20_37,0.06993417259014163
gbdt_leaf_1_2,-0.06988545206572114
gbdt_leaf_13_56,0.06972367509784116
gbdt_leaf_23_47,-0.06909719743314735
gbdt_leaf_25_20,0.06901123515785955
gbdt_leaf_9_24,-0.06897273094134655
gbdt_leaf_13_50,-0.06840248567122942
gbdt_leaf_1_33,0.0682620647603672
gbdt_leaf_27_22,0.06819127813866473
gbdt_leaf_13_6,0.06815103439883717
gbdt_leaf_24_37,0.06799944616797571
gbdt_leaf_7_29,-0.06789904579455987
gbdt_leaf_16_4,0.06771329728178047
gbdt_leaf_13_53,-0.06771238191945297
gbdt_leaf_25_27,-0.06749995077786758
gbdt_leaf_29_41,-0.06747262013198616
gbdt_leaf_7_60,-0.06741528893470818
gbdt_leaf_21_59,0.06739817975797495
gbdt_leaf_9_25,0.06722420483577814
gbdt_leaf_28_14,0.06718614048400565
gbdt_leaf_2_51,-0.06705763551516888
gbdt_leaf_0_48,-0.06666231063052121
gbdt_leaf_0_32,0.06646167928890086
gbdt_leaf_18_28,0.06631334715989823
gbdt_leaf_3_21,0.06605650781981336
gbdt_leaf_4_50,0.06598288306675455
gbdt_leaf_18_46,-0.06593726156095471
gbdt_leaf_7_8,0.06586841898665534
gbdt_leaf_24_11,-0.06564947117858848
gbdt_leaf_20_42,0.06541384432538776
gbdt_leaf_24_4,0.06540391437534943
gbdt_leaf_19_8,0.06540391437534943
gbdt_leaf_31_7,0.06540391437534943
gbdt_leaf_26_7,0.06540391437534943
gbdt_leaf_18_4,0.06540391437534943
gbdt_leaf_20_54,0.06536643152691589
gbdt_leaf_27_20,-0.06520987133941641
gbdt_leaf_29_13,0.06518531881480033
gbdt_leaf_28_4,-0.0648230635865586
gbdt_leaf_17_38,0.0645938633478815
gbdt_leaf_26_42,0.06444573335344865
gbdt_leaf_29_12,0.06436271270986249
gbdt_leaf_22_50,0.0642990094471835
gbdt_leaf_15_26,-0.06415968906920524
gbdt_leaf_18_39,-0.06415370704104693
gbdt_leaf_23_10,0.06405453523965147
gbdt_leaf_2_54,0.06405440402365263
gbdt_leaf_12_11,-0.0640237889687104
gbdt_leaf_14_56,0.06381055091695835
gbdt_leaf_17_40,0.06380480091704821
gbdt_leaf_16_22,0.06379981474737524
gbdt_leaf_13_46,0.06371177672366055
gbdt_leaf_1_53,0.06366988516515674
gbdt_leaf_23_51,-0.06366489398606888
gbdt_leaf_2_22,-0.06363811870266621
gbdt_leaf_16_15,0.06356427717290211
gbdt_leaf_8_39,-0.0634856434680293
gbdt_leaf_29_27,-0.06347876618043083
gbdt_leaf_17_10,-0.06344422184998118
gbdt_leaf_3_43,0.06341010673425533
gbdt_leaf_2_42,0.0633878745221525
gbdt_leaf_24_41,-0.06332616381396983
gbdt_leaf_6_54,-0.06330930642794759
gbdt_leaf_25_49,-0.0632967385801723
gbdt_leaf_1_22,0.0632758220111491
gbdt_leaf_25_10,0.06284161987594639
gbdt_leaf_24_10,0.06275299062075776
gbdt_leaf_25_6,0.06270107601176503
gbdt_leaf_16_44,-0.06259299503754961
gbdt_leaf_28_36,0.062479993660137276
gbdt_leaf_31_27,0.062472950133391325
gbdt_leaf_1_57,-0.06237123581373659
gbdt_leaf_19_19,0.06224118871759546
gbdt_leaf_14_5,0.062196312968112843
gbdt_leaf_9_61,0.061851664073572274
gbdt_leaf_14_61,-0.061774505946689234
gbdt_leaf_13_14,0.061708564656260755
gbdt_leaf_2_23,0.06167698683939315
gbdt_leaf_6_51,0.06166743486453267
gbdt_leaf_23_11,-0.061652921344597524
gbdt_leaf_11_10,-0.06163857985704502
gbdt_leaf_17_9,-0.06163857985704502
gbdt_leaf_22_16,-0.06156224931725452
gbdt_leaf_31_11,-0.0614494409615566
gbdt_leaf_20_43,0.06140320242210527
gbdt_leaf_1_11,-0.06135574500261895
gbdt_leaf_15_27,0.06131979427785293
gbdt_leaf_23_2,-0.06118575785494901
gbdt_leaf_13_60,0.061101431082231074
gbdt_leaf_13_16,0.061095008372836115
gbdt_leaf_10_23,0.0609500058792864
gbdt_leaf_13_41,0.060946207662478775
gbdt_leaf_7_12,0.06078408136395236
gbdt_leaf_12_27,0.060753564715836886
gbdt_leaf_28_60,0.06068827515012224
gbdt_leaf_3_4,-0.060653435539817974
gbdt_leaf_6_5,-0.060653435539817974
gbdt_leaf_12_21,-0.06033469505706355
gbdt_leaf_10_57,0.06028299215742713
gbdt_leaf_28_22,-0.06022636657186293
gbdt_leaf_22_58,-0.060058387785677785
gbdt_leaf_0_20,0.06004382668938901
gbdt_leaf_24_23,0.05996520480640254
gbdt_leaf_11_26,0.05983120800280351
gbdt_leaf_5_55,-0.05982945388092815
gbdt_leaf_8_32,0.059757761095563564
gbdt_leaf_28_48,0.05974712910093159
gbdt_leaf_24_46,0.05973041189537996
gbdt_leaf_1_44,-0.059711406955367974
gbdt_leaf_29_45,0.05968843616217197
gbdt_leaf_5_49,-0.059475415209067274
gbdt_leaf_1_18,-0.05946680360362257
gbdt_leaf_28_51,-0.05919027821526379
gbdt_leaf_14_59,-0.05907031765607802
gbdt_leaf_2_62,0.058908211801824414
gbdt_leaf_22_45,0.058904383213930156
gbdt_leaf_15_7,0.0587936036193099
gbdt_leaf_17_46,-0.05868584259150138
gbdt_leaf_19_13,0.05867167310461261
gbdt_leaf_25_3,0.05824955424836037
gbdt_leaf_24_3,0.05824955424836037
gbdt_leaf_29_5,0.05824955424836037
gbdt_leaf_6_61,0.05822554260645571
gbdt_leaf_3_13,-0.057932324701354204
gbdt_leaf_27_63,0.05788311072447266
gbdt_leaf_21_57,0.05783122952604915
gbdt_leaf_16_33,-0.0575667183237652
gbdt_leaf_31_45,-0.05752417043858699
gbdt_leaf_27_27,-0.05734370100651618
gbdt_leaf_31_6,-0.057181722946813236
gbdt_leaf_26_6,-0.057181722946813236
gbdt_leaf_27_6,-0.057181722946813236
gbdt_leaf_30_44,-0.056932000358268946
gbdt_leaf_1_49,-0.05667964167073013
gbdt_leaf_30_37,-0.05650678825980923
gbdt_leaf_17_6,0.056489794949816166
gbdt_leaf_14_10,-0.056352938516362895
gbdt_leaf_23_21,0.056076671964374984
gbdt_leaf_10_28,0.05594271590595492
gbdt_leaf_25_35,0.0558903418406393
gbdt_leaf_31_20,0.055830020472020715
gbdt_leaf_23_5,0.05576202231922463
gbdt_leaf_29_55,0.05559958798685441
gbdt_leaf_8_18,0.055543096180961815
gbdt_leaf_23_32,0.05531948362177758
gbdt_leaf_30_36,0.05508703567200981
gbdt_leaf_2_35,0.05499485827251903
gbdt_leaf_22_5,0.05498217479473346
gbdt_leaf_19_17,0.05457795387686652
gbdt_leaf_18_16,0.05457795387686652
gbdt_leaf_22_10,0.05447093389083027
gbdt_leaf_10_15,0.05429839675114923
gbdt_leaf_24_55,0.054264284205920874
gbdt_leaf_22_19,0.05425080425477432
gbdt_leaf_4_23,0.05422612424856951
gbdt_leaf_20_56,0.054169853300863255
gbdt_leaf_1_60,0.054156410486337854
gbdt_leaf_24_30,-0.054102614591745084
gbdt_leaf_8_43,-0.05392804841923257
gbdt_leaf_4_54,0.0539077159725173
gbdt_leaf_9_9,0.053645322299856836
gbdt_leaf_8_26,-0.05363303002714242
gbdt_leaf_21_51,0.05352773705981834
gbdt_leaf_20_40,-0.053343341364164826
gbdt_leaf_7_31,-0.053251254483437316
gbdt_leaf_2_63,-0.053135057902263284
gbdt_leaf_12_36,0.05299606304404376
gbdt_leaf_0_37,-0.05272837153324116
gbdt_leaf_3_59,0.052684598316670425
gbdt_leaf_18_44,0.052516033626596945
gbdt_leaf_2_17,-0.05247202146489416
gbdt_leaf_31_49,-0.05234321658633899
gbdt_leaf_18_3,0.05216040633244353
gbdt_leaf_15_41,-0.05209939265184211
gbdt_leaf_11_6,0.05205691102646741
gbdt_leaf_13_62,-0.05195817205421847
gbdt_leaf_12_2,-0.051882620462461955
gbdt_leaf_10_2,-0.051882620462461955
gbdt_leaf_11_2,-0.051882620462461955
gbdt_leaf_11_18,-0.051695255594438334
gbdt_leaf_31_9,-0.05151211529998695
gbdt_leaf_2_59,-0.05146196462631561
gbdt_leaf_6_63,-0.05146098076175905
gbdt_leaf_27_60,-0.051240654389267726
gbdt_leaf_6_57,0.05115152049606019
gbdt_leaf_4_52,0.05104789316994963
gbdt_leaf_10_36,-0.05098572082991132
gbdt_leaf_10_8,-0.05089324930352442
gbdt_leaf_4_6,-0.050865604726861434
gbdt_leaf_9_30,0.05086322465520834
gbdt_leaf_7_27,-0.05067321500480551
gbdt_leaf_1_58,0.05063215221132353
gbdt_leaf_20_53,0.05059997269891471
gbdt_leaf_1_8,-0.05057112287571557
gbdt_leaf_3_3,-0.050457214984242355
gbdt_leaf_10_62,-0.05044382098605445
gbdt_leaf_17_11,0.050418687847911814
gbdt_leaf_23_18,0.050286662596255895
gbdt_leaf_12_38,0.04998527217290118
gbdt_leaf_28_46,0.0499428876034746
gbdt_leaf_29_38,0.04993270734509206
gbdt_leaf_19_28,0.049889732362087304
gbdt_leaf_6_22,-0.04985518446070752
gbdt_leaf_16_24,-0.04984420224255618
gbdt_leaf_27_19,-0.04983963458223103
gbdt_leaf_15_0,0.04983275016893571
gbdt_leaf_1_9,0.0498318788993805
gbdt_leaf_13_43,-0.04978253661045372
gbdt_leaf_19_41,-0.049699738535037674
gbdt_leaf_24_32,0.04965162104421357
gbdt_leaf_9_6,0.049546008018296984
gbdt_leaf_10_7,0.049546008018296984
gbdt_leaf_21_37,0.049426567507344484
gbdt_leaf_0_59,-0.04938179578549678
gbdt_leaf_3_47,-0.04922283649084456
gbdt_leaf_29_35,-0.04912288925616143
gbdt_leaf_23_39,-0.04907832718180171
gbdt_leaf_14_34,0.04899605693071336
gbdt_leaf_27_41,-0.04887566732999617
gbdt_leaf_3_61,-0.04874853179906047
gbdt_leaf_28_55,0.04843261766417487
gbdt_leaf_0_9,0.048388513196117464
gbdt_leaf_21_55,0.04835868380790551
gbdt_leaf_1_35,-0.048287927688765934
gbdt_leaf_30_13,0.04825796578238459
gbdt_leaf_11_9,-0.0482345063080409
gbdt_leaf_17_8,-0.0482345063080409
gbdt_leaf_1_61,-0.04820074527285966
gbdt_leaf_23_8,-0.04785671749055282
gbdt_leaf_24_21,0.04777364284644479
gbdt_leaf_13_10,-0.04765216728526319
gbdt_leaf_13_57,0.04762460171675362
gbdt_leaf_9_63,0.04760416460949991
gbdt_leaf_17_7,0.047556867581616015
gbdt_leaf_21_54,-0.04742985082017426
gbdt_leaf_16_23,0.047222631048461826
gbdt_leaf_30_28,0.047056249438548664
gbdt_leaf_0_18,-0.04692818578618207
gbdt_leaf_14_8,0.04689994319990286
gbdt_leaf_17_51,0.046811015830442476
gbdt_leaf_24_35,-0.04677982007787818
gbdt_leaf_10_38,-0.04662577436775685
gbdt_leaf_23_24,-0.04614441467629797
gbdt_leaf_9_27,-0.04595056602317577
gbdt_leaf_19_12,0.04594106069766315
gbdt_leaf_25_33,0.0454931762521253
gbdt_leaf_8_49,-0.04528924899680017
gbdt_leaf_5_51,0.04522971948592755
gbdt_leaf_15_48,-0.04500340167318165
gbdt_leaf_1_10,-0.04495561089810671
gbdt_leaf_9_4,0.04489573244699862
gbdt_leaf_18_7,0.04489573244699862
gbdt_leaf_13_31,-0.04481941523088758
gbdt_leaf_0_40,0.04451469106922586
gbdt_leaf_27_30,0.04427090950850966
gbdt_leaf_0_11,-0.04420392757245797
gbdt_leaf_16_41,-0.043989986512599506
gbdt_leaf_21_43,0.04385602893191752
gbdt_leaf_12_3,0.0437317068962492
gbdt_leaf_5_43,0.043728089893218546
gbdt_leaf_26_19,-0.04362223150037021
gbdt_leaf_13_37,0.04361248496776692
gbdt_leaf_7_52,-0.04294478060823023
gbdt_leaf_22_36,-0.04255214901117171
gbdt_leaf_15_3,0.04207662661932008
gbdt_leaf_11_22,0.04200584215551628
gbdt_leaf_8_21,-0.04187133486880378
gbdt_leaf_14_63,-0.041793452842711944
gbdt_leaf_14_21,-0.04166052513648846
gbdt_leaf_22_39,-0.04163082556580315
gbdt_leaf_28_24,0.04146246438791129
gbdt_leaf_29_29,-0.04141330265374429
gbdt_leaf_23_28,0.04139638333191349
gbdt_leaf_18_33,-0.04126853400052112
gbdt_leaf_25_53,-0.04121515820542027
gbdt_leaf_29_39,0.04116185775493069
gbdt_leaf_4_33,0.041151233063899464
gbdt_leaf_6_13,0.041151233063899464
gbdt_leaf_16_11,0.04113627379239944
gbdt_leaf_4_21,-0.04083126433153156
gbdt_leaf_11_37,0.04078806943887157
gbdt_leaf_1_50,0.04077119770750475
gbdt_leaf_18_12,0.040695035145020486
gbdt_leaf_12_41,0.04057818823211503
gbdt_leaf_9_62,-0.040538333889494536
gbdt_leaf_22_46,-0.0404952272259961
gbdt_leaf_4_15,-0.04042703484315519
gbdt_leaf_24_40,0.040424956168486514
gbdt_leaf_16_10,-0.04041287566993299
gbdt_leaf_7_37,0.04013280823620608
gbdt_leaf_25_9,-0.04010775611693616
gbdt_leaf_16_51,0.03985961392380455
gbdt_leaf_1_17,0.039620882054491414
gbdt_leaf_19_21,0.039488510779368845
gbdt_leaf_0_44,-0.03931316022008696
gbdt_leaf_5_40,-0.03875384912803119
gbdt_leaf_5_6,-0.038715527238977025
gbdt_leaf_26_3,0.0385822303682889
gbdt_leaf_0_21,0.03855717042857246
gbdt_leaf_28_21,-0.038479499977376805
gbdt_leaf_6_7,0.03811252434101156
gbdt_leaf_0_61,-0.03804932534977458
gbdt_leaf_13_19,0.03790048187416656
gbdt_leaf_2_12,-0.03786052791664962
gbdt_leaf_31_32,-0.03744845629386502
gbdt_leaf_8_62,-0.03738236413389867
gbdt_leaf_7_42,-0.03706914012370644
gbdt_leaf_14_12,0.03669428591439885
gbdt_leaf_7_53,0.03657003977760401
gbdt_leaf_4_35,-0.036488633891094004
gbdt_leaf_14_15,0.036484235065151194
gbdt_leaf_10_34,0.03641617523720146
gbdt_leaf_22_8,0.03633391020021644
gbdt_leaf_12_57,0.03630023095137962
gbdt_leaf_19_31,-0.036169972507130665
gbdt_leaf_18_38,-0.03604726379569669
gbdt_leaf_2_48,0.03594213996980182
gbdt_leaf_17_42,0.035941663077316104
gbdt_leaf_24_43,-0.035646168009563974
gbdt_leaf_4_3,-0.035644566432111294
gbdt_leaf_14_32,0.0355459826201198
gbdt_leaf_29_21,-0.0353973251814128
gbdt_leaf_30_2,-0.03538368842753459
gbdt_leaf_3_42,0.035139329973292714
gbdt_leaf_21_16,-0.03491107562615096
gbdt_leaf_19_60,0.03461530648766702
gbdt_leaf_5_58,-0.03435057902908004
gbdt_leaf_6_28,-0.033940333067103055
gbdt_leaf_20_47,0.033755546941164
gbdt_leaf_18_34,0.03371173771363995
gbdt_leaf_18_58,-0.03367442511857657
gbdt_leaf_24_19,-0.03351118217839412
gbdt_leaf_23_53,0.03348449477645852
gbdt_leaf_16_46,-0.03327560650470721
gbdt_leaf_25_28,-0.03317589367148187
gbdt_leaf_11_15,-0.03281237722208741
gbdt_leaf_27_61,-0.03263206806487228
gbdt_leaf_8_3,0.032597368949720505
gbdt_leaf_21_23,0.03256283193723664
gbdt_leaf_6_38,-0.03236476609812426
gbdt_leaf_29_47,0.032341561872534154
gbdt_leaf_10_46,0.03219636961071192
gbdt_leaf_4_47,-0.03174396680802893
gbdt_leaf_0_51,0.03169959639993101
gbdt_leaf_16_31,0.03162354041011063
gbdt_leaf_30_7,-0.031442335768540955
gbdt_leaf_20_18,-0.031222168023554795
gbdt_leaf_20_22,-0.030958983134681563
gbdt_leaf_7_6,-0.030660985819193434
gbdt_leaf_6_55,-0.03046683758527933
gbdt_leaf_24_13,-0.030070453771944224
gbdt_leaf_6_3,-0.029756180046267615
gbdt_leaf_25_43,0.0296859704946873
gbdt_leaf_30_38,-0.029591664007440014
gbdt_leaf_25_32,-0.02954626575972937
gbdt_leaf_22_7,0.0294960957169515
gbdt_leaf_28_25,0.029439553042518843
gbdt_leaf_2_8,-0.02943227275087729
gbdt_leaf_29_4,0.02927962818492558
gbdt_leaf_14_53,0.028879790359074953
gbdt_leaf_11_25,0.028705347717400208
gbdt_leaf_24_50,0.02867083096092863
gbdt_leaf_19_56,-0.028605623799789814
gbdt_leaf_7_25,-0.028488164556225444
gbdt_leaf_0_5,-0.028205470298420656
gbdt_leaf_18_41,0.028157258630133762
gbdt_leaf_15_16,-0.028116630587552108
gbdt_leaf_8_30,-0.02772808703784202
gbdt_leaf_8_40,0.027653739189869207
gbdt_leaf_29_54,0.027552716647914408
gbdt_leaf_14_3,0.02742271666746251
gbdt_leaf_16_3,0.0274194676779224
gbdt_leaf_10_63,0.027233617791460305
gbdt_leaf_1_6,-0.02704263259732142
gbdt_leaf_31_12,0.027031743048468917
gbdt_leaf_20_8,-0.026949814203138592
gbdt_leaf_17_58,0.026770508125513175
gbdt_leaf_5_29,-0.026739013843345746
gbdt_leaf_24_48,0.026536635245401365
gbdt_leaf_18_59,0.02616547990394823
gbdt_leaf_31_56,-0.026126161463928238
gbdt_leaf_18_10,-0.025663601504140574
gbdt_leaf_18_18,0.025447321194844025
gbdt_leaf_15_20,-0.02537957206833796
gbdt_leaf_12_48,-0.02535608710295509
gbdt_leaf_0_27,0.025339252703714035
gbdt_leaf_10_58,0.025243106171806015
gbdt_leaf_25_14,-0.02482688607445088
gbdt_leaf_7_23,-0.02477108031085471
gbdt_leaf_0_2,-0.024643944880225994
gbdt_leaf_31_43,0.024637291920508977
gbdt_leaf_3_63,-0.02462206445963978
gbdt_leaf_18_17,0.02455399180183773
gbdt_leaf_25_38,-0.02426756521005202
gbdt_leaf_25_22,0.024249272977929375
gbdt_leaf_29_11,-0.02424374860141505
gbdt_leaf_3_27,0.0241958012593054
gbdt_leaf_28_31,0.02418533875497377
gbdt_leaf_15_63,-0.024110598911463412
gbdt_leaf_13_24,0.02409321686995017
gbdt_leaf_25_41,0.024032722636446388
gbdt_leaf_2_30,-0.023894311736746002
gbdt_leaf_4_0,-0.023826975213009242
gbdt_leaf_6_1,-0.023826975213009242
gbdt_leaf_7_0,-0.023826975213009242
gbdt_leaf_3_0,-0.023826975213009242
gbdt_leaf_23_37,-0.02371860394278261
gbdt_leaf_8_55,-0.023610766845440754
gbdt_leaf_27_12,0.023522678075220786
gbdt_leaf_27_58,-0.023493099118683722
gbdt_leaf_25_1,-0.023409104406079666
gbdt_leaf_16_7,-0.023276457263175943
gbdt_leaf_11_47,-0.023238301286339056
gbdt_leaf_30_12,-0.02323430768262767
gbdt_leaf_4_48,0.023060557394454565
gbdt_leaf_14_50,-0.02304180317273178
gbdt_leaf_0_50,-0.022985845343287764
gbdt_leaf_3_34,0.022912464718984005
gbdt_leaf_26_27,-0.022714872649754463
gbdt_leaf_27_50,-0.022656031839086366
gbdt_leaf_13_17,0.02250961956077421
gbdt_leaf_0_39,-0.022486387474430644
gbdt_leaf_21_24,0.02246207759648374
gbdt_leaf_1_34,0.022390548065181773
gbdt_leaf_2_24,0.022131174939340487
gbdt_leaf_21_62,-0.02177881376242461
gbdt_leaf_2_27,-0.02157410377142123
gbdt_leaf_20_30,0.02146069301078066
gbdt_leaf_9_51,0.02144682735170261
gbdt_leaf_25_34,-0.021310234983566902
gbdt_leaf_31_26,0.020796300998378987
gbdt_leaf_29_9,-0.020724445434272633
gbdt_leaf_3_32,0.020701034937973987
gbdt_leaf_27_62,-0.020692614508608445
gbdt_leaf_9_15,0.0203495337287266
gbdt_leaf_26_59,-0.020319234922430308
gbdt_leaf_21_15,-0.02001081836609664
gbdt_leaf_2_19,0.019947340712668935
gbdt_leaf_31_2,0.019929912626263015
gbdt_leaf_19_48,0.01957075946609073
gbdt_leaf_29_24,-0.019560311424860203
gbdt_leaf_23_27,-0.01949213200321061
gbdt_leaf_4_61,-0.019485659836119225
gbdt_leaf_16_20,0.019243814074132674
gbdt_leaf_1_54,0.01918374084612377
gbdt_leaf_10_18,-0.01903972087095085
gbdt_leaf_16_63,0.01891989030668387
gbdt_leaf_22_18,-0.018909497315163944
gbdt_leaf_29_16,0.01889205173374071
gbdt_leaf_10_27,-0.018770815063369143
gbdt_leaf_7_56,0.018607737781021916
gbdt_leaf_27_55,0.01858744157027057
gbdt_leaf_3_25,-0.018416720031616752
gbdt_leaf_13_42,0.017936907020886336
gbdt_leaf_7_41,-0.017862962605483857
gbdt_leaf_4_62,0.01770096482526947
gbdt_leaf_7_35,-0.017679820340773877
gbdt_leaf_16_53,0.017656539621642365
gbdt_leaf_6_41,0.01761885289984017
gbdt_leaf_20_0,0.017546742969764266
gbdt_leaf_15_52,0.01734322786214555
gbdt_leaf_5_12,0.01654111305732559
gbdt_leaf_11_43,0.016140017966181492
gbdt_leaf_22_35,0.016080114408432725
gbdt_leaf_19_52,0.015889244016743166
gbdt_leaf_12_17,0.015816124339263878
gbdt_leaf_3_49,0.015197433108803378
gbdt_leaf_28_33,0.014834609496171549
gbdt_leaf_8_36,-0.014705013979945978
gbdt_leaf_31_61,0.01465225700095502
gbdt_leaf_21_12,-0.014587159757027741
gbdt_leaf_30_60,0.014487342892027915
gbdt_leaf_5_27,-0.014453069655129951
gbdt_leaf_11_17,0.014330582367988058
gbdt_leaf_17_19,-0.014176523979227675
gbdt_leaf_16_43,-0.01387715930447729
gbdt_leaf_10_49,-0.013734612611168463
gbdt_leaf_6_23,-0.013729429024839482
gbdt_leaf_12_20,-0.013453937184060577
gbdt_leaf_31_22,-0.013402671985888903
gbdt_leaf_8_19,-0.01334800995298267
gbdt_leaf_3_31,0.013073608520866168
gbdt_leaf_28_7,-0.013036094394991066
gbdt_leaf_19_5,-0.012896754917999473
gbdt_leaf_8_8,0.012839970594929126
gbdt_leaf_1_47,-0.012768487120439322
gbdt_leaf_26_44,0.012706604348607108
gbdt_leaf_19_42,-0.012627934001368104
gbdt_leaf_6_17,-0.012617510896266998
gbdt_leaf_29_63,-0.012514148136278585
gbdt_leaf_1_15,0.012458715586633954
gbdt_leaf_18_51,-0.01245495381088144
gbdt_leaf_17_3,0.012445342688093136
gbdt_leaf_29_26,-0.012329576085987018
gbdt_leaf_8_47,0.012323822445379589
gbdt_leaf_5_31,-0.012181176661600495
gbdt_leaf_21_13,0.01199061572623328
gbdt_leaf_15_5,-0.01185420877678089
gbdt_leaf_13_38,0.011762343930364695
gbdt_leaf_10_12,0.011737694469267857
gbdt_leaf_4_57,-0.011570578574964407
gbdt_leaf_24_25,-0.011390427079664929
gbdt_leaf_13_35,-0.011167328730655103
gbdt_leaf_18_63,-0.010980757117573249
gbdt_leaf_11_50,-0.010899328954310492
gbdt_leaf_29_60,-0.010638892116313003
gbdt_leaf_23_30,-0.010499229290810078
gbdt_leaf_11_24,-0.010412469328870832
gbdt_leaf_21_30,-0.010362008877307951
gbdt_leaf_28_6,-0.0103122314276078
gbdt_leaf_24_1,0.009991691292877174
gbdt_leaf_12_29,-0.009891095829745533
gbdt_leaf_10_25,0.009706820118291134
gbdt_leaf_1_0,-0.009626116431368827
gbdt_leaf_21_61,-0.009374247388428339
gbdt_leaf_23_54,0.009270504116820693
gbdt_leaf_1_14,-0.009181321401324698
gbdt_leaf_12_26,0.009136811046966044
gbdt_leaf_20_35,0.009046849947408628
gbdt_leaf_12_51,-0.009013681869785512
gbdt_leaf_16_56,0.008946667215329284
gbdt_leaf_15_31,-0.008843500443545402
gbdt_leaf_1_32,-0.008743966445973177
gbdt_leaf_26_55,-0.00870504361911309
gbdt_leaf_14_52,0.008602652808567274
gbdt_leaf_15_46,-0.008506160209765919
gbdt_leaf_27_29,0.008227865004579116
gbdt_leaf_10_10,-0.008206995526594183
gbdt_leaf_25_16,-0.00819945784000089
gbdt_leaf_3_20,0.008056058068260888
gbdt_leaf_15_9,0.008032544531963082
gbdt_leaf_17_21,-0.007875322258274987
gbdt_leaf_29_22,-0.007799289932458089
gbdt_leaf_31_57,0.007717401725153632
gbdt_leaf_15_54,0.007710206710858447
gbdt_leaf_3_17,0.0076951417686745155
gbdt_leaf_14_40,0.007654454790706601
gbdt_leaf_21_7,-0.007531059462831234
gbdt_leaf_1_43,0.007355376411440989
gbdt_leaf_28_30,0.007342450618928686
gbdt_leaf_15_6,-0.007071155604906183
gbdt_leaf_13_55,0.007041099905595324
gbdt_leaf_17_26,0.00690433436463067
gbdt_leaf_18_56,-0.006861592868624762
gbdt_leaf_5_9,0.006521152974812115
gbdt_leaf_17_34,-0.006405122943374486
gbdt_leaf_31_24,-0.006349335648265002
gbdt_leaf_31_25,0.006341874054706061
gbdt_leaf_31_35,-0.006259892926707219
gbdt_leaf_13_5,0.00573242377005468
gbdt_leaf_11_35,-0.00547292733853857
gbdt_leaf_20_25,0.00513162524111344
gbdt_leaf_19_55,-0.0051063568306090115
gbdt_leaf_5_23,-0.005062179006241124
gbdt_leaf_11_11,0.004393966614474847
gbdt_leaf_28_29,-0.0042960314455887764
gbdt_leaf_9_54,0.00406255833670137
gbdt_leaf_22_63,0.004057140481979666
gbdt_leaf_2_6,-0.0039139248040551905
gbdt_leaf_11_5,0.003889113142275442
gbdt_leaf_10_4,0.003889113142275442
gbdt_leaf_12_5,0.003889113142275442
gbdt_leaf_12_62,0.00383722637913667
gbdt_leaf_6_6,-0.003518596596735611
gbdt_leaf_30_9,-0.003464618033013151
gbdt_leaf_1_24,-0.0034179605485970474
gbdt_leaf_7_18,-0.0032900778068229897
gbdt_leaf_13_48,0.002952048084842311
gbdt_leaf_10_45,0.002935824961050263
gbdt_leaf_13_54,-0.0024523615019046334
gbdt_leaf_9_52,-0.0023275907031845493
gbdt_leaf_10_6,-0.002241485724681845
gbdt_leaf_7_30,0.002216637787255385
gbdt_leaf_9_29,0.002216637787255385
gbdt_leaf_11_7,0.0021396269009005837
gbdt_leaf_27_31,0.002092942782636094
gbdt_leaf_12_23,-0.0020270031575194427
gbdt_leaf_12_33,-0.002006405108541497
gbdt_leaf_17_23,0.0019386558659761038
gbdt_leaf_3_33,0.0019174541989585752
gbdt_leaf_27_8,0.0017961703596395073
gbdt_leaf_18_20,-0.0017915197593899492
gbdt_leaf_19_20,-0.0017915197593899492
gbdt_leaf_22_57,-0.0016945236847208936
gbdt_leaf_11_19,0.0016615712525773338
gbdt_leaf_14_20,0.001559948574773965
gbdt_leaf_22_34,-0.0015480443224058632
gbdt_leaf_7_49,0.0015062883426567968
gbdt_leaf_5_41,0.0013598283198372298
gbdt_leaf_5_11,-0.0007869416404280517
gbdt_leaf_28_1,-0.0007124168111379657
gbdt_leaf_31_30,-0.0004896846172876745
gbdt_leaf_2_0,0.0004548547206636099
gbdt_leaf_7_44,-0.0003832223618687597
gbdt_leaf_0_54,-0.0002198636517034547
gbdt_leaf_17_37,-0.00021845772439691314
gbdt_leaf_15_45,-0.0001275428901956879
gbdt_leaf_26_30,0.0
gbdt_leaf_24_15,0.0
